sample,sample_uid,PC1,PC2,PC3,PC4,PC5,PC6,PC7,PC8,PC9,PC10,PC11,PC12,PC13,PC14,PC15,PC16,PC17,PC18,PC19,PC20,PC21,PC22,PC23,PC24,PC25,PC26,PC27,PC28,PC29,PC30,PC31,PC32,PC33,PC34,PC35,PC36,PC37,PC38,PC39,PC40,PC41,PC42,PC43,PC44,PC45,PC46,PC47,PC48,PC49,PC50,PC51,PC52,PC53,PC54,PC55,PC56,PC57,PC58,PC59,PC60,PC61,PC62,PC63,PC64,PC65,PC66,PC67,PC68,PC69,PC70,PC71,PC72,PC73,PC74,PC75,PC76,PC77,PC78,PC79,PC80,PC81,PC82,PC83,PC84,PC85,PC86,PC87,PC88,PC89
120A,143631,-0.06024139200464301,0.05012451546723744,-0.008850162557217097,0.010592162525493236,0.011617618343000966,-0.0213833063460435,-0.002219051847195989,0.00805515029329572,0.018638700126061888,0.013685524795104346,0.0052796190565891545,-0.009450298307303878,0.0035428903681186167,-0.0030345807339243343,-0.003554298067894918,-0.00132833308347636,0.0005910565430659255,-0.011929873058373725,0.008623224236409899,0.010773800289368668,0.005186595774811601,0.002446243734807829,0.0008530928116855662,-0.004971419510927681,0.0018944665122846564,-0.003391268306334763,0.0029201444871900335,0.0024464846696121132,-0.0012413441352194749,0.0056427788410961036,0.0003995953977142697,-0.005664024205586675,0.0016949498033024877,-0.002827821340881548,-0.001247092960976263,-0.0008153316979141477,0.0009300625676860179,-0.0,0.0,0.0,0.0,0.0,0.0,0.0,0.0,0.0,0.0,0.0,0.0,0.0,0.0,0.0,0.0,0.0,0.0,0.0,0.0,0.0,0.0,0.0,0.0,0.0,0.0,0.0,0.0,0.0,0.0,0.0,0.0,0.0,0.0,0.0,0.0,0.0,0.0,0.0,0.0,0.0,0.0,0.0,0.0,0.0,0.0,0.0,0.0,0.0,0.0,0.0,0.0
120B,143632,-0.08454877476867104,0.05624609245094731,0.011264872955847932,0.010199188151212228,-0.027484762543515267,-0.004522755820677136,0.03283667706058065,-0.008958480452986887,0.024186430861219726,0.01203426006230533,0.01207627079472196,0.002497728655810754,-0.005258392005075179,-0.0038404066545273895,-0.0032390987574669986,-0.014706422351932931,-0.0003386659726356581,-0.017014776721083088,-0.001566861707957503,0.00629331803936551,-0.0012075895878107734,-0.012650231397968496,-0.003396808613782859,0.003305004938236518,-0.0007393471983280077,-0.010270300801751904,7.970925355480909e-05,0.0030061545113813032,-0.0004425363841164444,0.0017489721600462214,0.0029463411847761144,-0.001369385346968009,0.002280839302257112,-0.0008849616587095743,-0.002265538139370389,-0.001460767695245907,3.895451397175779e-05,-0.0,0.0,0.0,0.0,0.0,0.0,0.0,0.0,0.0,0.0,0.0,0.0,0.0,0.0,0.0,0.0,0.0,0.0,0.0,0.0,0.0,0.0,0.0,0.0,0.0,0.0,0.0,0.0,0.0,0.0,0.0,0.0,0.0,0.0,0.0,0.0,0.0,0.0,0.0,0.0,0.0,0.0,0.0,0.0,0.0,0.0,0.0,0.0,0.0,0.0,0.0,0.0
120C,143633,-0.06960001227214657,0.06066951372016141,-0.015328640158448262,-0.0017866453262685464,0.00657030575307544,0.009154998861665277,0.010892853199282907,-0.00023931049100596777,-0.0024683043456411756,-0.019747112431791017,0.01146335594179601,0.007873830639830817,-0.0053363064630687395,0.023799528430298332,-0.008527345744425116,-0.037894258458814625,0.0030876930971136785,0.0029424667344137645,0.0001218647930857936,-0.0071762779710563855,0.007206609341132432,0.0017617342653804672,-0.00227978788994633,-0.0026273259265771213,-0.0012556706106181506,0.0048605818667717396,-0.0049036205539697555,0.0031332418167241147,-0.0025316519381659323,9.623585978960109e-05,0.001767763304524576,0.0015839567954034752,0.0029453208526786204,0.0009931345228636143,-0.0006500869786447594,0.0010326953674567728,-0.0006915780915110781,-0.0,0.0,0.0,0.0,0.0,0.0,0.0,0.0,0.0,0.0,0.0,0.0,0.0,0.0,0.0,0.0,0.0,0.0,0.0,0.0,0.0,0.0,0.0,0.0,0.0,0.0,0.0,0.0,0.0,0.0,0.0,0.0,0.0,0.0,0.0,0.0,0.0,0.0,0.0,0.0,0.0,0.0,0.0,0.0,0.0,0.0,0.0,0.0,0.0,0.0,0.0,0.0
1212A,143634,-0.06651729954798294,-0.04825291580040242,0.0036166473859959017,-0.013227242912598877,-0.025100489017377072,0.02026252150279032,-0.02299845131831922,-0.026609562888298934,0.036999149011162344,0.03203206717120711,-0.003206683650918544,0.0031885921278809516,-0.007233123147432113,-0.02913024468819821,-0.012189193608642237,0.00213745297989535,-0.014392721506833754,0.002910547795127388,0.001602716242034316,-0.012951367349039563,0.008572180260902073,-0.0040224604561838835,0.0009795918694249439,-0.004943978059733336,0.0011155747151505887,0.003925637242759645,0.0013660380376409665,0.0002151202464943614,-0.00387633470724922,-0.004235650157938054,-0.001333687006086206,-0.001494136227416384,-0.0002040594942386888,-0.0012457134126304902,-0.0006863407925107467,-0.00037890728921752265,4.781797855041958e-06,-0.0,0.0,0.0,0.0,0.0,0.0,0.0,0.0,0.0,0.0,0.0,0.0,0.0,0.0,0.0,0.0,0.0,0.0,0.0,0.0,0.0,0.0,0.0,0.0,0.0,0.0,0.0,0.0,0.0,0.0,0.0,0.0,0.0,0.0,0.0,0.0,0.0,0.0,0.0,0.0,0.0,0.0,0.0,0.0,0.0,0.0,0.0,0.0,0.0,0.0,0.0,0.0
1212B,143635,-0.06534255355669698,0.04567598868971509,0.002916503929992934,-0.0024985351329611786,0.020753401893462052,-0.027020327462727287,0.0013985358000262317,0.0068758618152550645,0.011264311971377162,0.008204004887560486,-0.009926257876511645,-0.0006397057312626965,-0.0014456618551145753,-0.000914349139044425,0.0002795193377297501,0.015676175970102492,-0.00835330177398725,-0.00939527208530881,0.005069707491570141,0.0011407549465007277,-0.002011612862176727,-0.003902410638311088,0.004253960225153952,0.004696518756504349,-0.0009865557544275236,-0.0020227867691814134,0.004392805636816623,-0.0041410503411869175,-0.002015699803007005,-0.001611878391326612,0.0015259813214995824,-0.0005607487588291566,0.0017965838865334953,0.005035618224203548,-0.0023749625712145054,0.00046761858710114325,-0.0010206945858338484,-0.0,0.0,0.0,0.0,0.0,0.0,0.0,0.0,0.0,0.0,0.0,0.0,0.0,0.0,0.0,0.0,0.0,0.0,0.0,0.0,0.0,0.0,0.0,0.0,0.0,0.0,0.0,0.0,0.0,0.0,0.0,0.0,0.0,0.0,0.0,0.0,0.0,0.0,0.0,0.0,0.0,0.0,0.0,0.0,0.0,0.0,0.0,0.0,0.0,0.0,0.0,0.0
121C,143639,-0.06263520315903097,0.05061171678755286,-0.0054714916127566295,-0.007400407484044957,0.019862706057207632,-0.01862601251035132,0.012497769772174422,0.0055068464117878435,-0.013943958194364788,-0.005512737480839102,-0.005833065129518494,0.026521858895181986,0.016983820938638768,-0.020241017645026445,0.012836561658511946,-0.0011810248891687236,0.008963540711785699,-0.008927620542868967,-0.008816148013079271,-0.0012733713873948568,-0.011736892923773314,0.016395544918143025,0.00013394686964680245,-0.01914004683244734,-0.010365612506762743,-0.004216791038378407,-0.009124269603033055,0.004849691240542148,-0.00027912022477878,-0.00586171364125024,-0.0004740897904324451,-0.002897887517327262,0.001048285288623767,-0.0009726498507414765,0.0005721309673105498,7.076632357983664e-05,0.000183891947846492,-0.0,0.0,0.0,0.0,0.0,0.0,0.0,0.0,0.0,0.0,0.0,0.0,0.0,0.0,0.0,0.0,0.0,0.0,0.0,0.0,0.0,0.0,0.0,0.0,0.0,0.0,0.0,0.0,0.0,0.0,0.0,0.0,0.0,0.0,0.0,0.0,0.0,0.0,0.0,0.0,0.0,0.0,0.0,0.0,0.0,0.0,0.0,0.0,0.0,0.0,0.0,0.0
1222A,143643,-0.04797996732985051,-0.02859286780447179,-0.01858508322001398,-0.006864547453487819,-0.015005386463108224,-0.01304295874754268,-0.0732342305819648,-0.009768710916914601,0.03501402334863763,-0.01066464410669248,-0.02106740336464635,-0.010642845297445093,-0.010529311996566898,0.007960651350914205,-0.011409881264522585,-0.007544358643865479,0.009811295058781571,-0.020923498047835068,0.0028130244794629267,0.00967743295834964,-0.004048628651346185,-0.0017975619516954657,0.0027756260998655796,0.012371198062031385,0.0020366551606040197,0.005518912785466187,-0.007529200135668957,-0.003815929532317504,0.002177560017997211,-0.0006924530166267947,0.0038484485334819873,0.00022703200742372535,0.001064034042093883,0.0007928170640923957,-0.0011600873548393523,-6.192502696613901e-05,6.500643601576542e-05,-0.0,0.0,0.0,0.0,0.0,0.0,0.0,0.0,0.0,0.0,0.0,0.0,0.0,0.0,0.0,0.0,0.0,0.0,0.0,0.0,0.0,0.0,0.0,0.0,0.0,0.0,0.0,0.0,0.0,0.0,0.0,0.0,0.0,0.0,0.0,0.0,0.0,0.0,0.0,0.0,0.0,0.0,0.0,0.0,0.0,0.0,0.0,0.0,0.0,0.0,0.0,0.0
1222B,143644,-0.06371374468011594,0.05119616913439181,-0.012297139344747231,-0.0033010783021739315,0.010936640005994248,0.0033700802811417506,-0.004053550974728322,0.005361589412282892,-0.009907129210716348,-0.006429587826840815,-0.001845301291761225,-0.0001529833924131571,0.011272865551190097,0.010158519467225558,-0.016931968715360412,-0.0020652439311415805,-0.0034368425972675976,0.014391865869067214,-0.0009406201402827824,-0.011466593805251998,0.0027660802450630195,0.004034004794336579,0.005000829911743431,-0.0003424425534777007,-0.0037474012385469158,-0.002427601598471368,0.0037728561630237687,-0.003715191123724932,-0.0014447417142887447,-0.006487411225878829,0.00017757662968939235,-0.0025051270629672206,0.0025461259930813357,0.004749237126522399,0.00246981099576412,-0.002298900408131047,0.0012282222201339184,-0.0,0.0,0.0,0.0,0.0,0.0,0.0,0.0,0.0,0.0,0.0,0.0,0.0,0.0,0.0,0.0,0.0,0.0,0.0,0.0,0.0,0.0,0.0,0.0,0.0,0.0,0.0,0.0,0.0,0.0,0.0,0.0,0.0,0.0,0.0,0.0,0.0,0.0,0.0,0.0,0.0,0.0,0.0,0.0,0.0,0.0,0.0,0.0,0.0,0.0,0.0,0.0
1222C,143645,-0.05876803579229571,0.05365489933611063,-0.02150449824151443,-0.011075951837131868,0.009459759244608183,0.002286531276307768,0.012331766251800127,0.013730234876254693,-0.010613755569432125,-0.00932576883579031,-0.016280077653672623,0.02368459810347814,0.011834969662145726,0.015256612311123116,-0.019857227615116047,-0.01168426100085784,0.009639920353583999,-0.00042981501136613585,-0.0033823258557302382,0.0037334607019765755,-0.002472611919301519,-0.0018941084394730873,0.015841428146644222,-0.003018087633704057,-0.008300222043693446,0.000932555243483832,-0.006185575108727736,0.0005173090886536238,0.004139251875274113,-0.0009003037920498909,-0.004096190607072195,0.0002769918397256992,-0.0018738627094866398,0.0004536893106789026,0.0014692793670878185,0.0007195297402495932,0.00017797559134231228,-0.0,0.0,0.0,0.0,0.0,0.0,0.0,0.0,0.0,0.0,0.0,0.0,0.0,0.0,0.0,0.0,0.0,0.0,0.0,0.0,0.0,0.0,0.0,0.0,0.0,0.0,0.0,0.0,0.0,0.0,0.0,0.0,0.0,0.0,0.0,0.0,0.0,0.0,0.0,0.0,0.0,0.0,0.0,0.0,0.0,0.0,0.0,0.0,0.0,0.0,0.0,0.0
1226A,143646,-0.0739767289046557,0.056694884539381527,0.0053127922671724285,0.001071235596857591,0.018864792306819863,-0.01486077356126806,0.013694290628645732,-0.004917380448451861,-0.012573056848632795,-0.009624963904200468,0.011493973861411268,0.008318801999403254,-0.004561518541837336,-0.009074823281551105,0.01028344306642864,-0.01603967926697356,-0.006045430848763913,0.00581514281057822,-0.00757919455909091,-0.0007889430932686397,-0.004761185688608537,-0.0019472987615542258,-0.0041705613130060895,0.00396959016037562,0.004529252364628472,-0.005646640867933157,0.010928251648144318,0.0105677582600898,-0.001420692625764309,0.004817407117245893,0.007622893970687008,0.0007196685425946649,-0.0008156344799530705,0.0030252101068793825,0.0016493388557598913,-0.00022965243697177875,-0.001107444430644806,-0.0,0.0,0.0,0.0,0.0,0.0,0.0,0.0,0.0,0.0,0.0,0.0,0.0,0.0,0.0,0.0,0.0,0.0,0.0,0.0,0.0,0.0,0.0,0.0,0.0,0.0,0.0,0.0,0.0,0.0,0.0,0.0,0.0,0.0,0.0,0.0,0.0,0.0,0.0,0.0,0.0,0.0,0.0,0.0,0.0,0.0,0.0,0.0,0.0,0.0,0.0,0.0
1226B,143647,-0.06415878552333741,0.046976697150659566,0.0017460418072292295,-0.0028723596595882253,0.013597224234876302,-0.02777659637511749,5.343983154156398e-05,0.004401442413569397,0.008939018977678142,0.02287805488079753,0.003481497657241891,-0.00226226043638131,0.0037180043750220685,-0.0015535268129436403,0.0015333348753353618,-0.0002709968476195296,-0.0012396616197311063,-0.004659298008658679,-0.004867482527051308,0.005244215258509738,-0.004046125182101139,0.002316604317658884,0.001953662495455717,-0.004575230216538762,0.002460796592427858,-0.004125444509639921,0.0044165312981410045,-0.0038098131537066264,-0.0005474794923956115,-0.005653661523385371,-0.0019735827862247092,-0.0006914124676833022,0.0019686728766912798,0.0027572168825110337,-0.003931528672983814,0.0013801400720057024,-0.001195741096085141,-0.0,0.0,0.0,0.0,0.0,0.0,0.0,0.0,0.0,0.0,0.0,0.0,0.0,0.0,0.0,0.0,0.0,0.0,0.0,0.0,0.0,0.0,0.0,0.0,0.0,0.0,0.0,0.0,0.0,0.0,0.0,0.0,0.0,0.0,0.0,0.0,0.0,0.0,0.0,0.0,0.0,0.0,0.0,0.0,0.0,0.0,0.0,0.0,0.0,0.0,0.0,0.0
1226C,143648,-0.07473230093397229,0.038411834945225334,0.010676517113843202,-0.0007558660933652497,-0.019424741041778177,0.008723724449588976,0.030381707979302373,-0.023381864339640956,-0.006634753612498412,-0.00532364742360083,0.005978761511796693,0.0074729266588394756,-0.01418934968188299,0.00592917443927088,0.01666688043842142,-0.013655917260445669,-0.005935800255713858,-0.0010546143044427,0.001468847052791193,-0.011794654229966322,0.014838631143682028,-0.00514999992005739,-0.008541914908398531,0.0016080636631123416,-0.005599279000050846,0.0007784606455871233,0.003616228386700813,-0.0038710477843590823,0.0014266122027352497,-0.002672607498588577,-0.004379518630880022,0.003525876172831882,-0.0027802217955157525,0.002128669777716351,-0.0008585347127559581,-0.0009782329729923589,0.0013825782276392165,-0.0,0.0,0.0,0.0,0.0,0.0,0.0,0.0,0.0,0.0,0.0,0.0,0.0,0.0,0.0,0.0,0.0,0.0,0.0,0.0,0.0,0.0,0.0,0.0,0.0,0.0,0.0,0.0,0.0,0.0,0.0,0.0,0.0,0.0,0.0,0.0,0.0,0.0,0.0,0.0,0.0,0.0,0.0,0.0,0.0,0.0,0.0,0.0,0.0,0.0,0.0,0.0
1255A,143649,-0.10425118719832865,-0.10126662914238227,0.014426113452395433,0.06993985199487765,0.019639750666331616,0.009899345251828092,0.03886390632323442,-0.012243688522546368,-0.0015397524753047065,-0.00341193169758436,-0.003100523281039977,0.013714253670230643,-0.0121765638352632,0.0189125190803308,-0.0002599153770296994,-0.004418403924786437,0.002289700170847726,0.0017901814404945747,0.003564316066563172,0.004684345487676611,-0.0039783595930611825,-0.01663273184947384,-0.005054421344182788,0.004244910802310513,-0.0011642889171803248,0.00806817616012061,-0.005180151059358529,0.005410253048379959,-0.01215864746688734,0.0011828437366060971,-0.002622839645105037,-0.002534370552797298,-0.0001920267482711089,0.0005483270714810152,0.00047403005609754297,-1.2371168506475553e-05,-0.00010670511119417946,-0.0,0.0,0.0,0.0,0.0,0.0,0.0,0.0,0.0,0.0,0.0,0.0,0.0,0.0,0.0,0.0,0.0,0.0,0.0,0.0,0.0,0.0,0.0,0.0,0.0,0.0,0.0,0.0,0.0,0.0,0.0,0.0,0.0,0.0,0.0,0.0,0.0,0.0,0.0,0.0,0.0,0.0,0.0,0.0,0.0,0.0,0.0,0.0,0.0,0.0,0.0,0.0
1255B,143650,-0.056211035625634426,0.037628909936953156,-0.01632850796026974,-0.005582810740883724,-0.051397727564923806,0.011416887604857559,-0.00786630755015453,0.002938326866277792,-0.021411377335088945,0.011235118326481542,-0.009185184429339839,0.013210362476817115,0.008850424286872733,-0.00939304442919895,0.011112921760592887,0.004803500858403533,-0.0018199483423174674,0.009765364549532194,0.006228183019913573,0.018822862388851,-0.013475936446838586,-0.000513494790558811,0.003572764805521549,0.0014939610297358906,-0.003852509611890354,-0.002284758437734428,0.0010134459283699018,-0.0057606631010219496,-0.0015555060870581598,0.0028382628454152446,0.004171262147630974,0.0022919964752019417,0.0007533007681000914,0.0013906832327671326,-0.0009856442496226003,0.0012445686762290594,0.0010226098545426938,-0.0,0.0,0.0,0.0,0.0,0.0,0.0,0.0,0.0,0.0,0.0,0.0,0.0,0.0,0.0,0.0,0.0,0.0,0.0,0.0,0.0,0.0,0.0,0.0,0.0,0.0,0.0,0.0,0.0,0.0,0.0,0.0,0.0,0.0,0.0,0.0,0.0,0.0,0.0,0.0,0.0,0.0,0.0,0.0,0.0,0.0,0.0,0.0,0.0,0.0,0.0,0.0
1262A,143655,0.4801103560208794,0.04222436272515818,-0.09964377759334836,-0.03795171910642095,0.07660158804382625,0.07545496231287452,-0.0051433880657732155,-0.032087291905962635,-0.02212110258234496,0.05364209586792181,0.008418645583653168,-0.0005089142522757055,-0.014201364305500185,0.019503623738927098,0.02368725872705658,-0.003617678713913211,0.0018022892191541366,0.002297457035505377,-0.022593830554943198,0.019128973363979947,0.014432416852508395,0.00294665562741213,0.005045622060481088,0.0021416459688944423,0.0022480089477508736,-0.000979390997401883,-0.0013615967247784448,-0.00046480996209998307,0.0014756857788478246,-0.0005156109768433109,0.0008035164018939181,0.00032319449020854255,-0.00027770912306776806,0.00021502158379369088,0.00013525899947746688,-0.00037587795521185297,8.286039828656461e-05,-0.0,0.0,0.0,0.0,0.0,0.0,0.0,0.0,0.0,0.0,0.0,0.0,0.0,0.0,0.0,0.0,0.0,0.0,0.0,0.0,0.0,0.0,0.0,0.0,0.0,0.0,0.0,0.0,0.0,0.0,0.0,0.0,0.0,0.0,0.0,0.0,0.0,0.0,0.0,0.0,0.0,0.0,0.0,0.0,0.0,0.0,0.0,0.0,0.0,0.0,0.0,0.0
1262B,143656,0.39737933872943487,0.01879943745226575,0.008558236011978802,0.14953092042230517,0.08060674080438615,-0.10423879638423163,0.0322422840212958,-0.01712523016847273,0.005395481848468033,-0.0014542933424338618,-0.027199170380641076,-0.007365269442667203,-0.009069850498446743,0.007921021028088547,0.004858694131027556,0.014562201017642945,-0.005765975157579126,0.008975710413129463,-0.003243739512302658,-0.0010323087952516382,0.003984038854999606,-0.0034738323399358395,4.445230994976726e-05,0.0016861704195212206,-0.0002543138703775085,-0.0008979002615936887,-0.0004093503604182985,-0.0007913997041245467,-0.0007395909368455978,0.0007902506669210433,-2.4980367456663528e-05,8.547905620579823e-05,-3.150414233962066e-05,0.00016263932357584498,-3.265760786525813e-05,3.1310237350128535e-05,-2.7090700734303045e-05,-0.0,0.0,0.0,0.0,0.0,0.0,0.0,0.0,0.0,0.0,0.0,0.0,0.0,0.0,0.0,0.0,0.0,0.0,0.0,0.0,0.0,0.0,0.0,0.0,0.0,0.0,0.0,0.0,0.0,0.0,0.0,0.0,0.0,0.0,0.0,0.0,0.0,0.0,0.0,0.0,0.0,0.0,0.0,0.0,0.0,0.0,0.0,0.0,0.0,0.0,0.0,0.0
1264A,143661,0.20332341966307602,0.05068174624288094,-0.03322878261833159,0.02747157694208236,-0.06309234105406897,-0.05103617309181293,-0.06728598863811996,0.028827146696920103,-0.004956529842929545,-0.05150398160779009,0.023152663960445703,-0.0031245252621147643,-0.03142590362918471,0.016524316348896038,0.0015666071692684485,-0.01323470883367225,-0.010566545871765205,0.013833569885846863,0.006858247385932639,0.030546497660534487,-0.010045529734794927,0.0039749496263179265,0.00307160218440706,-0.007794445563675863,-0.0002654808018315713,0.0022397699483177546,-0.001887918954251006,-0.0004964108195747569,-0.0009169004363458775,-0.001158543265584668,7.871815320079178e-05,-0.0003334195664173478,-3.8755525587596615e-05,0.00029364065012421766,0.00033222711620942597,0.00015548065244245114,0.00023180510783990505,-0.0,0.0,0.0,0.0,0.0,0.0,0.0,0.0,0.0,0.0,0.0,0.0,0.0,0.0,0.0,0.0,0.0,0.0,0.0,0.0,0.0,0.0,0.0,0.0,0.0,0.0,0.0,0.0,0.0,0.0,0.0,0.0,0.0,0.0,0.0,0.0,0.0,0.0,0.0,0.0,0.0,0.0,0.0,0.0,0.0,0.0,0.0,0.0,0.0,0.0,0.0,0.0
1264B,143662,0.3997563243356442,0.01899072371323302,-0.0954713632345844,-0.021260066711375054,0.056558821901241715,0.03193435327463922,-0.03405763233251138,-0.015045885125944498,-0.012977958183510451,-0.019405974502781687,0.028235868168396766,-0.008271140784711488,-0.02072890897659044,-0.005691235532408498,-0.02424323388642641,0.02396264624992207,0.005098698169194672,-0.01852710279888432,0.024534438349916775,-0.028398448230643223,-0.016128781514110662,-0.011383075800009131,-0.0069299264025521655,-0.004748307275962743,-0.006388278416477273,0.0001392144122100101,0.0015203050167051592,-0.0006825049250273341,-0.0016877522670202458,0.00042773776347418505,-0.0004439546347255294,-0.0005562249263996108,0.00029443322666177093,-0.0004509592619877934,-0.0002096591620013863,0.0003795412515285095,-0.00016469904892603868,-0.0,0.0,0.0,0.0,0.0,0.0,0.0,0.0,0.0,0.0,0.0,0.0,0.0,0.0,0.0,0.0,0.0,0.0,0.0,0.0,0.0,0.0,0.0,0.0,0.0,0.0,0.0,0.0,0.0,0.0,0.0,0.0,0.0,0.0,0.0,0.0,0.0,0.0,0.0,0.0,0.0,0.0,0.0,0.0,0.0,0.0,0.0,0.0,0.0,0.0,0.0,0.0
1264C,143663,0.3616830802823764,0.040638992273424795,-0.11392069205536186,-0.08195231008572328,0.00328958452981438,-0.0818068370385328,0.06178303486733693,0.017410899162865905,-0.0020190218520706976,-0.010993667964169769,0.0507558066177936,0.0009139493634646855,0.03590929597628506,0.0026414316767708864,-0.018937498271946115,-0.001615910878727189,0.00022764104013074093,-0.003354902271569867,-0.008528356504697486,-0.0024324121462398216,0.0031000005870314303,0.007983004524777041,-0.00803954498711205,0.008191185321769554,0.0021206448668604164,0.0037711704043674557,-0.00047656887202708153,0.00046816678941491566,0.00025028262937849013,-0.0005988381021135127,0.00013095644952169905,-7.900535999243343e-05,0.0006112908270379319,-0.0001399031607833956,-2.3523199366133992e-05,0.0001952392933028951,8.695418523626217e-05,-0.0,0.0,0.0,0.0,0.0,0.0,0.0,0.0,0.0,0.0,0.0,0.0,0.0,0.0,0.0,0.0,0.0,0.0,0.0,0.0,0.0,0.0,0.0,0.0,0.0,0.0,0.0,0.0,0.0,0.0,0.0,0.0,0.0,0.0,0.0,0.0,0.0,0.0,0.0,0.0,0.0,0.0,0.0,0.0,0.0,0.0,0.0,0.0,0.0,0.0,0.0,0.0
127A,143664,-0.052298928706872354,0.045044624755203884,-0.009137825574238038,-0.01149241672060313,0.003761820916662168,-0.02087032976846295,-0.006281793281493996,0.005382668013356406,0.01864166198831203,0.017818401698553445,0.0002479836830275301,-0.003742180089292294,-0.0018756369853685935,-0.001851156547113232,0.008562589368871774,-0.0024181403047869774,-0.0018315508894695932,-0.0002917228788272251,0.008840601092726984,-0.0027834459635598715,-0.002802445911432596,0.007971213382521101,0.004447771140855415,-0.0003596916419468085,-0.009524661817559406,0.0026475197175815307,0.008414334430641338,-0.005803963877537965,-0.006714097078491608,0.0020326893936534756,-0.0028171350528255145,-0.001563326574754392,-0.003979062410451562,-0.0025229789017841855,-0.0017930175526659382,0.0009868962033416407,-0.00029151971084180963,-0.0,0.0,0.0,0.0,0.0,0.0,0.0,0.0,0.0,0.0,0.0,0.0,0.0,0.0,0.0,0.0,0.0,0.0,0.0,0.0,0.0,0.0,0.0,0.0,0.0,0.0,0.0,0.0,0.0,0.0,0.0,0.0,0.0,0.0,0.0,0.0,0.0,0.0,0.0,0.0,0.0,0.0,0.0,0.0,0.0,0.0,0.0,0.0,0.0,0.0,0.0,0.0
127B,143665,-0.069221518856051,0.046486118353719616,0.00046120759657505454,0.009830976581794269,0.026027044168583573,-0.009304172491506637,-0.0005711293194974826,-0.0018841855796860934,-0.015663555436485163,-0.00653649768745846,0.00681355642632418,-0.013186199477477387,0.01685290480622165,-0.00947078094052992,-0.0114400692388753,0.012034949598161164,-0.0059178595565324635,0.0007923743417111234,-0.010993543646690633,0.0017750538734112534,-0.009301294512863385,0.0004625338205706892,-0.005656042318150664,0.0030332737856057857,0.004880478872735554,-0.005023036591163137,-0.00870073512430661,-0.00503170888392055,0.002425581725353777,0.0007188860919576484,-0.0013663690121731885,0.004344528038837637,-0.0018689595385244122,0.0005900437649823401,-0.00015488816768624718,0.0022266183703516405,-0.0005781767972936481,-0.0,0.0,0.0,0.0,0.0,0.0,0.0,0.0,0.0,0.0,0.0,0.0,0.0,0.0,0.0,0.0,0.0,0.0,0.0,0.0,0.0,0.0,0.0,0.0,0.0,0.0,0.0,0.0,0.0,0.0,0.0,0.0,0.0,0.0,0.0,0.0,0.0,0.0,0.0,0.0,0.0,0.0,0.0,0.0,0.0,0.0,0.0,0.0,0.0,0.0,0.0,0.0
127C,143666,-0.06716146651448787,0.054835811880955605,-0.014263178437860546,0.007883520518539461,0.016700228053710166,0.001235140769036522,0.00028947944204328575,0.008875058454844684,-0.009757848716809606,-0.011949959897637323,-0.004289105257459436,-0.0010833437930954874,0.0128951710208539,0.0062942712255168,-0.025620467722785777,-1.147588223379033e-06,-0.004101568175193433,0.003180054909207805,-0.004199779131087201,-0.007450566946356946,0.007663826299061238,-0.001834842338827842,0.0026523723761125223,0.004491346502750118,-0.011535914376048588,-0.0055387262529071005,-0.005132665309430271,-0.002345787425951728,-0.0030143873208302923,0.0020786872394815575,0.0013643374815008418,-0.002674717889285889,0.0006789519479740327,-0.005084850358779578,-0.0021184689518240533,-0.0004756419969000455,-0.0003361647637102803,-0.0,0.0,0.0,0.0,0.0,0.0,0.0,0.0,0.0,0.0,0.0,0.0,0.0,0.0,0.0,0.0,0.0,0.0,0.0,0.0,0.0,0.0,0.0,0.0,0.0,0.0,0.0,0.0,0.0,0.0,0.0,0.0,0.0,0.0,0.0,0.0,0.0,0.0,0.0,0.0,0.0,0.0,0.0,0.0,0.0,0.0,0.0,0.0,0.0,0.0,0.0,0.0
1292A,143667,-0.04044317786325242,0.03487882481987289,-0.028210578134425377,0.009626385680050342,-0.010408428884005484,-0.01259301101475275,-0.026373829210345347,0.0059254857649061795,-0.016876675115082306,-0.002194144281707916,0.0030541310918359276,-0.002404524879131404,-0.004115170688447792,0.00881209343224993,0.022444216098635804,-0.00028090990361507093,-0.0051867774338680865,-0.006345101865249476,0.0061666485518510426,0.0038444420467748314,0.019769123565286626,0.010117999794427056,-0.008382383756067174,-0.0024078407637182207,-0.008198885010937917,0.0031812493587907993,-0.00596022032749183,-0.0027621877993666034,0.0029151477381106398,0.008569148424181125,0.00020178135174154474,0.0015183487883149054,0.0021591101249020103,-0.0003964990598352295,0.0009522365311712787,-0.00018142525204021563,-0.0009769045730948264,-0.0,0.0,0.0,0.0,0.0,0.0,0.0,0.0,0.0,0.0,0.0,0.0,0.0,0.0,0.0,0.0,0.0,0.0,0.0,0.0,0.0,0.0,0.0,0.0,0.0,0.0,0.0,0.0,0.0,0.0,0.0,0.0,0.0,0.0,0.0,0.0,0.0,0.0,0.0,0.0,0.0,0.0,0.0,0.0,0.0,0.0,0.0,0.0,0.0,0.0,0.0,0.0
1292B,143668,-0.059253457658170555,0.030101140451952207,-0.0028534847214918245,0.004587390789649035,-0.018072934431625224,0.02169174366371719,0.022006484858833456,-0.01219288408739458,-0.007580762297280312,0.006165271385773273,-0.006164926966239442,0.0012204469533359864,0.008987298675350877,0.000317165855409179,-0.002699166024432422,0.00547215066395094,0.0042360333796800775,-0.006345633243228213,0.0013353111358182913,0.003220579225304101,0.00885876317327978,0.0024102949537692705,0.003446236276370172,0.0020433465597191466,0.00022448887590789337,-0.007989815988987575,0.0003264665530213943,-0.0027626234239227776,0.004031349382194709,-0.0022957156194985976,-0.002934438635497664,-0.0073636556487364346,-0.0046970302687835185,-0.00031060352141180046,0.002576095063437725,-0.0005085662444138248,0.0005003409712653488,-0.0,0.0,0.0,0.0,0.0,0.0,0.0,0.0,0.0,0.0,0.0,0.0,0.0,0.0,0.0,0.0,0.0,0.0,0.0,0.0,0.0,0.0,0.0,0.0,0.0,0.0,0.0,0.0,0.0,0.0,0.0,0.0,0.0,0.0,0.0,0.0,0.0,0.0,0.0,0.0,0.0,0.0,0.0,0.0,0.0,0.0,0.0,0.0,0.0,0.0,0.0,0.0
1292C,143669,-0.08292280002394375,0.047329883079742195,0.0161659629837765,-0.005212924368324942,-0.02309893348016809,0.014231383699687376,0.03438171082760194,-0.025276502223343565,-0.004119892788242319,-0.0095043892634227,0.006998797346886295,-0.0038428805394793253,-0.005143431873434719,-0.0038577535986930598,0.00436756507624857,-0.007597872415477199,-0.006075884503943013,0.004852523827181982,-0.005759013361320526,-0.008878695913485697,0.003939657565548364,0.002450590792430627,-0.008240497219566531,0.007643230246108368,0.007357131166818803,-0.0006207169679610238,0.004395156128773143,-0.006559914013262205,-8.129466160342288e-05,0.00047573821306956906,0.0029783349353582275,-0.002543332274300776,-0.0023464326270112783,-0.0025179386623008317,0.0026864185978217516,0.0036700350608596826,-0.0008460263435466775,-0.0,0.0,0.0,0.0,0.0,0.0,0.0,0.0,0.0,0.0,0.0,0.0,0.0,0.0,0.0,0.0,0.0,0.0,0.0,0.0,0.0,0.0,0.0,0.0,0.0,0.0,0.0,0.0,0.0,0.0,0.0,0.0,0.0,0.0,0.0,0.0,0.0,0.0,0.0,0.0,0.0,0.0,0.0,0.0,0.0,0.0,0.0,0.0,0.0,0.0,0.0,0.0
151A,143676,-0.08261598312539548,0.011125325665972192,0.008440865410685991,0.006377633267097637,0.03577370017045426,0.014461366973272063,0.025342349362967274,0.03351956634717166,-0.015290693027737409,-0.02729961364750456,-0.00435826521461726,-0.022563116999316502,-0.0007209559077875778,0.004102917706240296,0.009989048389973686,0.009144610762481513,-0.0050044350730905325,-0.013649046132668737,-0.005522523373007585,0.008201839805610267,-0.0062282470760335416,-0.0014556822440364762,0.0038310619391502417,-0.0009976755104802264,-0.0011905336811428818,-0.0012454505843123127,0.005502143633547183,-0.007732470616063331,0.00163447118187575,-0.0038854673398048315,0.0048278285754052444,-0.0016150812363938617,0.00035587087009266425,0.0005652327340402173,-0.0008166777150252498,-0.00010779497550444878,0.0006585379212946536,-0.0,0.0,0.0,0.0,0.0,0.0,0.0,0.0,0.0,0.0,0.0,0.0,0.0,0.0,0.0,0.0,0.0,0.0,0.0,0.0,0.0,0.0,0.0,0.0,0.0,0.0,0.0,0.0,0.0,0.0,0.0,0.0,0.0,0.0,0.0,0.0,0.0,0.0,0.0,0.0,0.0,0.0,0.0,0.0,0.0,0.0,0.0,0.0,0.0,0.0,0.0,0.0
151B,143677,-0.04368453719800818,0.035442813609618075,-0.03497531131004601,-0.003964754443960493,0.013944094170767455,0.013454807984043438,0.0014266011013244061,0.010859736745755683,-0.008095513221857094,0.01110877260059661,-0.003630698413592015,0.013529899458477546,0.0013216101800628437,-0.006859094434883003,-0.0017669099692094077,-0.008484285727550878,0.022649121360857925,-0.002434206231185871,0.007774285985200519,0.006067378659780107,-0.003455535199300837,-0.0007402379103280953,0.0005996701612343349,-0.004633474363274123,3.40156249996824e-05,0.007757329742781317,0.005001411640399941,-0.0005995015969040257,0.0018815025922517762,0.0035116645397786747,0.002268997009807535,0.003543627297835267,-0.0044726131216069704,-0.0008773403241272407,-0.002299810298769631,-0.0018533404891435074,-0.0023572476740345667,-0.0,0.0,0.0,0.0,0.0,0.0,0.0,0.0,0.0,0.0,0.0,0.0,0.0,0.0,0.0,0.0,0.0,0.0,0.0,0.0,0.0,0.0,0.0,0.0,0.0,0.0,0.0,0.0,0.0,0.0,0.0,0.0,0.0,0.0,0.0,0.0,0.0,0.0,0.0,0.0,0.0,0.0,0.0,0.0,0.0,0.0,0.0,0.0,0.0,0.0,0.0,0.0
151C,143678,-0.04639910664608193,-0.043003334372837494,-0.04055869469522594,0.009636697377769407,-0.0074239366558603,-0.012876333592928994,-0.08213433245799537,-0.027278628255751274,-0.021151381508343826,-0.025210103616088362,-0.009948994998894073,0.010688488878925066,-0.014816547985830479,-0.018748662533776644,-0.00042749574770523975,0.0030477465306850554,-0.008003758419669674,-0.013279200829726147,-0.016866203537735915,-0.0006574549995915363,0.00624865720437886,0.002027212236598203,0.0023189237517481586,0.006759738378121497,-0.002030387104529384,-0.008829566135657501,0.005751059405579593,0.002383665993665937,-0.005264268013206983,-0.004666566490359117,-0.0001933203125883568,0.00010548753361193914,-0.002536548226408364,-0.002156112359494731,0.0005072903902516439,-0.0004470198169124081,0.0007036499333663406,-0.0,0.0,0.0,0.0,0.0,0.0,0.0,0.0,0.0,0.0,0.0,0.0,0.0,0.0,0.0,0.0,0.0,0.0,0.0,0.0,0.0,0.0,0.0,0.0,0.0,0.0,0.0,0.0,0.0,0.0,0.0,0.0,0.0,0.0,0.0,0.0,0.0,0.0,0.0,0.0,0.0,0.0,0.0,0.0,0.0,0.0,0.0,0.0,0.0,0.0,0.0,0.0
160A,143679,-0.06796858885142569,0.03823050193504357,0.010564900941871114,-0.011349450335634621,0.02007051057739601,-0.03652740611605976,-0.004803225662037596,-0.004022057285880305,0.003030281094674586,0.018078836237468504,0.008085396924754516,-0.022124191231930438,-0.011280251802779277,0.00923805612150674,0.009927799138387296,0.011642084567521773,-0.0008755563379295677,-0.00016322835364054574,0.0031500292038534705,-0.004587498061363828,-3.617491835897142e-05,0.0032260609162773346,-0.0008077827582869359,-0.004465238372167367,-0.0013199963680020704,-0.00010818341438692884,-0.005876022718974797,0.005183713455880973,0.0030128647943006752,-0.003974072308937795,-0.0033630571837692715,0.005240553991588607,0.00040924380772633,-0.0012387897711668234,-0.00011467627929354987,-0.0010746163458372254,-0.0007584608438454293,-0.0,0.0,0.0,0.0,0.0,0.0,0.0,0.0,0.0,0.0,0.0,0.0,0.0,0.0,0.0,0.0,0.0,0.0,0.0,0.0,0.0,0.0,0.0,0.0,0.0,0.0,0.0,0.0,0.0,0.0,0.0,0.0,0.0,0.0,0.0,0.0,0.0,0.0,0.0,0.0,0.0,0.0,0.0,0.0,0.0,0.0,0.0,0.0,0.0,0.0,0.0,0.0
160B,143680,-0.05162170819564273,0.045150477425644764,-0.012578948380400433,-0.013218172663951271,0.010242477968841755,0.010720056849651542,-0.0005067170273382218,-0.011765371581038199,0.004281743737535429,-0.016850347980465218,0.012085931291392817,-0.01376865078495851,0.01852151641181222,0.017239935449991976,0.0038716043458202646,0.0003408531143277032,0.008720674125552925,-0.0053306708159226515,0.0006989117748219665,0.007801866449652734,-0.004138318034783733,0.0180205803831269,-0.0016709755364743002,-0.0027257121048724687,0.010048763513707492,-0.005734921201254729,-7.28214792334952e-05,-0.001868252078003483,-0.005188418111954615,-0.0003564007920984107,-0.004079399702878128,-0.0011541307447430434,-0.002469372819075851,0.0029948408161308924,0.00023463268521580925,0.0008190142012090306,-3.822247696847786e-05,-0.0,0.0,0.0,0.0,0.0,0.0,0.0,0.0,0.0,0.0,0.0,0.0,0.0,0.0,0.0,0.0,0.0,0.0,0.0,0.0,0.0,0.0,0.0,0.0,0.0,0.0,0.0,0.0,0.0,0.0,0.0,0.0,0.0,0.0,0.0,0.0,0.0,0.0,0.0,0.0,0.0,0.0,0.0,0.0,0.0,0.0,0.0,0.0,0.0,0.0,0.0,0.0
211A,143682,-0.0655685652174361,0.04803648258153256,0.005304905910695471,-0.00425296007064319,0.012567051336389473,-0.022663754172215948,-0.0007024197734031744,-0.0004197976761558873,0.0103448186061831,0.013580557938733084,0.00541240764574223,-0.006398191681330785,0.0034369569210573677,-0.0002501754419202317,0.00410250876073735,0.005069855244169643,-0.0032303193611977372,-0.0006332445557194922,-0.0029780306424858983,0.0033265106709462447,-0.002032757721373138,0.005639863100736804,0.003228737567888029,0.0016554391786254572,0.005824663496721014,-0.0015344423930631487,0.00540045535324977,0.005464619445033552,0.002122219242166669,-0.0029551084847048493,0.00401724362430546,-0.00235404857628618,0.005006032878206136,-0.0014743275729496388,0.0034835973923815658,0.001112273683263486,-0.0009268412365984849,-0.0,0.0,0.0,0.0,0.0,0.0,0.0,0.0,0.0,0.0,0.0,0.0,0.0,0.0,0.0,0.0,0.0,0.0,0.0,0.0,0.0,0.0,0.0,0.0,0.0,0.0,0.0,0.0,0.0,0.0,0.0,0.0,0.0,0.0,0.0,0.0,0.0,0.0,0.0,0.0,0.0,0.0,0.0,0.0,0.0,0.0,0.0,0.0,0.0,0.0,0.0,0.0
211B,143683,-0.07102465539467477,0.05043020880829683,0.01131598996329542,-0.010506521166235943,0.016207267813057594,-0.02928168487763533,0.0034820387984126526,0.0007409472959680243,0.011403500984841958,0.007470421231880139,-0.008737571841181157,-0.0060873747010083195,-0.002062362137351113,-0.0028295997675752676,0.0002781765279278879,0.020917275754677146,-0.0049293017131571614,-0.0019788799918359743,0.0018183933513627657,0.005471176366759074,-0.003077121112507625,-0.0006504526259723639,0.010028582737037075,0.007491035515393798,0.007201537624054933,0.0006953605347240847,0.0005760072338271477,0.008469930245351477,0.004383854243024049,0.006017428160327252,-0.0016380082415958137,0.00021221562321306148,3.423464773774552e-05,-0.00048397396722612944,-0.00025388278051379973,-0.0016624812506953314,0.0026934856431681154,-0.0,0.0,0.0,0.0,0.0,0.0,0.0,0.0,0.0,0.0,0.0,0.0,0.0,0.0,0.0,0.0,0.0,0.0,0.0,0.0,0.0,0.0,0.0,0.0,0.0,0.0,0.0,0.0,0.0,0.0,0.0,0.0,0.0,0.0,0.0,0.0,0.0,0.0,0.0,0.0,0.0,0.0,0.0,0.0,0.0,0.0,0.0,0.0,0.0,0.0,0.0,0.0
211C,143684,-0.05879493013073351,0.05490726004444974,-0.03460779817507169,-0.021130509263150278,0.006254256390788495,-0.00020222304032917803,-0.037946188594535656,-0.01159476640131225,0.018049325824208175,-0.020074155381202535,0.005709892765191582,-0.027518213193870034,0.049356626808643576,0.002340528544788046,0.03280150290905788,-0.0011809469665379694,-0.015603771294357794,0.019638189748390447,0.023094030784555963,0.00619665275719937,-0.0006099807705722488,-0.022790512064726594,-0.009589675287995536,-0.010066314420209067,-0.011564688027254697,0.0013231735696175495,0.005050866177485706,0.00658329717404507,0.006631428152040183,-0.0046838607181005475,-0.0021482652836263636,-0.0008439974945309034,-0.001558801615361475,0.0003838104636870067,8.962003800063028e-05,6.665877029243853e-06,-4.566310240420608e-05,-0.0,0.0,0.0,0.0,0.0,0.0,0.0,0.0,0.0,0.0,0.0,0.0,0.0,0.0,0.0,0.0,0.0,0.0,0.0,0.0,0.0,0.0,0.0,0.0,0.0,0.0,0.0,0.0,0.0,0.0,0.0,0.0,0.0,0.0,0.0,0.0,0.0,0.0,0.0,0.0,0.0,0.0,0.0,0.0,0.0,0.0,0.0,0.0,0.0,0.0,0.0,0.0
277A,143688,-0.0897624903557159,0.0643096829129906,0.018734923128050893,-0.01993490517209243,-0.028465711886891173,0.0037237076136126895,0.04971492573370212,-0.021367814613731287,-0.0020668999294432655,-0.020580694491902186,-0.011230928830831535,0.035694442474844566,-0.0029538911511778373,-0.024673753511900067,0.02565654895414751,-0.009788043953689858,0.0037683638113905293,0.0018542494623607056,0.005389639911031694,-0.00999830117416837,-0.010117158170359323,0.0018386741819341435,0.00854561101221199,-0.006698100547640104,0.008682096673353871,0.00599380666694509,-0.006633572931007293,-0.0019993726297675703,0.0024910413057198386,0.004791508667164636,0.00017948557254808715,-0.0008355949815209153,0.001351905638421115,0.00026033277410248063,0.00013532795804141516,-0.000299256087442927,0.0003667440643353372,-0.0,0.0,0.0,0.0,0.0,0.0,0.0,0.0,0.0,0.0,0.0,0.0,0.0,0.0,0.0,0.0,0.0,0.0,0.0,0.0,0.0,0.0,0.0,0.0,0.0,0.0,0.0,0.0,0.0,0.0,0.0,0.0,0.0,0.0,0.0,0.0,0.0,0.0,0.0,0.0,0.0,0.0,0.0,0.0,0.0,0.0,0.0,0.0,0.0,0.0,0.0,0.0
277B,143689,-0.06719742080247706,0.047143567477031516,0.0008166333026969206,-0.007152360120173305,0.019033063250551395,-0.007901082591374398,0.0038086433951929244,-0.003972007421303856,-0.015911185193107188,-0.014904778716302249,-0.01055671387257146,0.0003280305803458808,-0.0012970170958591855,0.020333495195947786,-0.007017672333131556,0.004450435650139743,-0.021309691652830268,0.009335499749262975,0.0012303731040336635,-0.01557328066825433,0.0032690706764009862,0.004959105201022593,0.012550301618084462,0.0033348003869743655,-0.008629153472630895,0.0019771385590632517,0.002604281035642273,0.006325335590210206,-0.0006690630470793116,0.0009889565093135482,0.0013981437539530854,0.002605049775032276,-0.0013795798424828182,-0.0026797304743309326,-0.0010501734780095943,0.0017716791360227208,-0.0005959830204911337,-0.0,0.0,0.0,0.0,0.0,0.0,0.0,0.0,0.0,0.0,0.0,0.0,0.0,0.0,0.0,0.0,0.0,0.0,0.0,0.0,0.0,0.0,0.0,0.0,0.0,0.0,0.0,0.0,0.0,0.0,0.0,0.0,0.0,0.0,0.0,0.0,0.0,0.0,0.0,0.0,0.0,0.0,0.0,0.0,0.0,0.0,0.0,0.0,0.0,0.0,0.0,0.0
277C,143690,-0.06073008961466508,0.04143478272326882,-0.08161666440325001,-0.0499375936966199,0.03914276445836665,0.05065629494053382,-0.011858592088639205,0.013914335249305531,-0.019281414533824048,0.040899427965132476,0.0027543582171996144,0.011131110703055952,-0.0007858435945601415,0.00802290272217381,-0.01258666367558981,-0.003067499292540107,-0.024918841054705654,0.007832288768069717,-0.00938925590818324,-0.006987968169965844,0.011966144353488948,0.007057748849965292,0.014115721715833725,-0.009142181168429558,0.0044295203798284995,0.0013614744359958153,-0.0003203127756107691,-0.002636491662169351,-0.0007198723182154896,0.0036270334815525235,-4.181052764049049e-05,0.0003577948236653291,0.0010191382573773783,0.0014281438836010816,-0.0002393415047976056,0.000529415849725327,0.0005258714703765849,-0.0,0.0,0.0,0.0,0.0,0.0,0.0,0.0,0.0,0.0,0.0,0.0,0.0,0.0,0.0,0.0,0.0,0.0,0.0,0.0,0.0,0.0,0.0,0.0,0.0,0.0,0.0,0.0,0.0,0.0,0.0,0.0,0.0,0.0,0.0,0.0,0.0,0.0,0.0,0.0,0.0,0.0,0.0,0.0,0.0,0.0,0.0,0.0,0.0,0.0,0.0,0.0
315A,143694,-0.1004179755754639,-0.14222319725848065,0.018376932847750736,-0.0579600518957315,-0.00492484334346236,-0.014948705476707133,0.03492802283248462,0.02037042718404585,-0.036538422180811055,0.03228275552302004,0.004625381418892893,-0.001958913220945539,0.003598051379669103,-0.005351364960337404,-0.006069077772114528,0.012388687203880927,-0.003471770364613177,0.005678925637215264,0.019715071115522863,0.010726404850366017,-0.0002451232235938575,0.006844350163120487,-0.007501030432355664,-0.0049317095485102574,0.004291460742204979,-0.0006740280080759146,-0.0026448943448372027,0.002412752250691311,-0.007288685127464507,0.0006791666174282839,-0.0015894412253505794,0.00042174343008058923,-0.0006443955475008381,7.549986038614289e-06,-0.00015326504506295177,0.0007436977792275993,0.0004796212388976924,-0.0,0.0,0.0,0.0,0.0,0.0,0.0,0.0,0.0,0.0,0.0,0.0,0.0,0.0,0.0,0.0,0.0,0.0,0.0,0.0,0.0,0.0,0.0,0.0,0.0,0.0,0.0,0.0,0.0,0.0,0.0,0.0,0.0,0.0,0.0,0.0,0.0,0.0,0.0,0.0,0.0,0.0,0.0,0.0,0.0,0.0,0.0,0.0,0.0,0.0,0.0,0.0
315B,143695,-0.08241393368694042,0.0472473954876006,0.01268247148372017,-0.00185011546660282,-0.025487585270416103,0.021348737687451637,0.032221587592580016,-0.02386619549238806,-0.006890408083571131,-0.01075261147808313,0.002304397893991325,-0.013564021133613286,0.018260377926655694,-0.0031627642834708833,-0.006378201383893435,0.008365429477751082,-0.005112225020334727,-0.007303404778707879,-0.016224242572685094,0.005699805636161043,-0.006597682488762163,0.009893924432470799,-0.0013906311682331599,0.0017811143793890537,-0.0076138415571664194,0.010223762005030581,0.008586709663129955,-0.005531689447196788,-0.004401851366495022,0.004247328858217312,-0.004861232259523281,0.002175158162265896,0.003156827197328527,0.00042802307637694695,0.0012626173965451092,-0.003519494953819949,-0.0016796561917714174,-0.0,0.0,0.0,0.0,0.0,0.0,0.0,0.0,0.0,0.0,0.0,0.0,0.0,0.0,0.0,0.0,0.0,0.0,0.0,0.0,0.0,0.0,0.0,0.0,0.0,0.0,0.0,0.0,0.0,0.0,0.0,0.0,0.0,0.0,0.0,0.0,0.0,0.0,0.0,0.0,0.0,0.0,0.0,0.0,0.0,0.0,0.0,0.0,0.0,0.0,0.0,0.0
315C,143696,-0.07897568817216638,0.05427846608239703,0.008151522539532267,0.011127616804208408,0.028905020932722448,-0.01805869632918018,0.013022912444012125,-0.007753936008871684,-0.01768745672432695,-0.006642766685254185,0.01386186799918147,-0.0004203641737581806,-0.007901895983885042,-0.005548601035091091,0.011069408194301075,-0.02377434362878062,-0.011446879866432561,0.0011712131802777694,-0.003670397954737821,-0.003311912419355195,-0.0002621477096344306,-0.0038127090904807944,-0.012496111733662042,0.0007969555544583617,0.010417632727080035,0.004366574823388241,0.0027842874912935313,-0.004641502144528323,-0.002453749914163389,-0.0011465400430895397,-0.007961016142147259,0.00025252496299545926,0.0005987805962550729,-0.0023153624792819866,-0.0006072402018744827,-0.00040898236184370627,0.0011767286896660156,-0.0,0.0,0.0,0.0,0.0,0.0,0.0,0.0,0.0,0.0,0.0,0.0,0.0,0.0,0.0,0.0,0.0,0.0,0.0,0.0,0.0,0.0,0.0,0.0,0.0,0.0,0.0,0.0,0.0,0.0,0.0,0.0,0.0,0.0,0.0,0.0,0.0,0.0,0.0,0.0,0.0,0.0,0.0,0.0,0.0,0.0,0.0,0.0,0.0,0.0,0.0,0.0
353A,143709,-0.05319806816111877,0.06936041678296026,-0.003482397705352819,-0.002907660315886138,0.0008422091039751689,-0.005930845023915443,-0.0023126568723560374,0.015856105856047645,0.04119070825642527,-0.005291983265652074,-0.002604656304199422,0.009512173857827627,-0.0195394455805338,0.027862642137005116,-0.016838958290651955,-0.011805754709802887,-0.008313960164085706,0.008941336241612988,0.024174491878301414,-0.005723777562051249,0.02032341629542247,0.005004142824549523,0.0005810080229516235,-0.0051657832863799885,0.013527584686567135,-0.004027784575898983,-0.0005878293110698115,0.0014706068755128482,0.003140651806453037,-0.0012425937177982247,0.00233640978072615,0.0032075204280267175,-0.0008432308861622069,8.80039875672072e-05,0.0002129646501213892,-0.0014611912857776558,0.00029562369224196103,-0.0,0.0,0.0,0.0,0.0,0.0,0.0,0.0,0.0,0.0,0.0,0.0,0.0,0.0,0.0,0.0,0.0,0.0,0.0,0.0,0.0,0.0,0.0,0.0,0.0,0.0,0.0,0.0,0.0,0.0,0.0,0.0,0.0,0.0,0.0,0.0,0.0,0.0,0.0,0.0,0.0,0.0,0.0,0.0,0.0,0.0,0.0,0.0,0.0,0.0,0.0,0.0
386A,143712,-0.047737968557803705,0.030592505464344666,-0.04749074724777756,0.006366302310338652,-0.011953222233223933,0.021116786324796973,-0.03135041495747377,0.024369590288715406,-0.015530767699612993,-0.0029814509190116334,-0.02166719625379398,0.0005235148180042522,-0.007046442626239993,-0.012346196878722038,0.009303114213165046,-0.0005228607951895522,-0.008816451576654023,-0.010738825844334615,0.008773465169841493,0.005710007553165191,0.0043810981727206485,-0.002650134803771074,0.004151930380784226,0.006142375188719279,0.008647574280756827,0.005378896033129152,-0.0030671468061295726,0.006742680753554596,-0.003412702907058757,-0.0033493253879155484,-0.004697643736672952,-0.002727279300318906,-0.0009425598835316845,0.001211302872805688,0.0026554357756255744,-0.00023196335694821089,-0.002032007538128633,-0.0,0.0,0.0,0.0,0.0,0.0,0.0,0.0,0.0,0.0,0.0,0.0,0.0,0.0,0.0,0.0,0.0,0.0,0.0,0.0,0.0,0.0,0.0,0.0,0.0,0.0,0.0,0.0,0.0,0.0,0.0,0.0,0.0,0.0,0.0,0.0,0.0,0.0,0.0,0.0,0.0,0.0,0.0,0.0,0.0,0.0,0.0,0.0,0.0,0.0,0.0,0.0
386B,143713,-0.058025685401370444,0.02587774696449754,-0.00039578094715344214,-0.012622441873812413,-0.01720863128734999,0.03101098268336919,0.01820215639726331,-0.023945607002304012,-0.006536305182515467,0.003374440223509691,-0.0010415431399949991,-0.007942389851119091,0.001778824346962137,0.013653855204723576,0.004539568835955637,0.005732768793378732,0.0017763869907124132,0.0019318117477530646,0.00808202742164448,-0.000789499393860834,-0.009098290517829082,0.00576466857791557,0.0021808788254799867,0.0028410487808724727,0.0058430621381902175,0.004015409718011968,-0.0035992997883285247,0.003906958802258107,0.0020132139808721238,-0.008252820454614847,0.002412373150712276,0.00048141057830075194,0.0007706191381075184,-0.006319261844815513,-0.0011708654332282956,-0.00037752986038567366,-0.0006945762998252338,-0.0,0.0,0.0,0.0,0.0,0.0,0.0,0.0,0.0,0.0,0.0,0.0,0.0,0.0,0.0,0.0,0.0,0.0,0.0,0.0,0.0,0.0,0.0,0.0,0.0,0.0,0.0,0.0,0.0,0.0,0.0,0.0,0.0,0.0,0.0,0.0,0.0,0.0,0.0,0.0,0.0,0.0,0.0,0.0,0.0,0.0,0.0,0.0,0.0,0.0,0.0,0.0
479B,143716,0.08938512168541436,-0.07637452118044355,0.07262833144117391,-0.015202558031478948,0.06269019181895999,0.08407149204181744,-0.06458243187960178,0.03743665703320728,0.02318969600642392,-0.019155487626870697,-0.0012733148103939256,0.009766914861145387,0.008239312731360629,0.009883337288830413,0.027036515774900672,0.017898605355038455,-0.00838415639782523,0.011453518444655883,-0.0034797587836361424,-0.010687794063302756,0.005310309144294915,0.001447592956415752,-0.005810141241847073,0.00959350445612387,0.000363429942756409,0.005158009734938415,-0.0014705381617526759,-0.001374304135675818,0.000953013050167294,3.913214869989782e-05,0.0016316778402584162,-0.00039480873372360967,0.0008301817464244889,-0.00012965354493159946,-0.00010302682884485196,-2.860669866249106e-05,-0.00020370717312845682,-0.0,0.0,0.0,0.0,0.0,0.0,0.0,0.0,0.0,0.0,0.0,0.0,0.0,0.0,0.0,0.0,0.0,0.0,0.0,0.0,0.0,0.0,0.0,0.0,0.0,0.0,0.0,0.0,0.0,0.0,0.0,0.0,0.0,0.0,0.0,0.0,0.0,0.0,0.0,0.0,0.0,0.0,0.0,0.0,0.0,0.0,0.0,0.0,0.0,0.0,0.0,0.0
485A,143718,-0.08803608234069382,-0.0920917249392639,0.00022008029222733992,0.0566718231388731,0.0015402700004197233,0.027502047968860983,0.03330982859215918,-0.0077186217235862015,0.02064674612497545,-0.01703229961017675,-0.0062206980465726175,-0.00020304978317944443,-0.009545220691019457,0.008935854803895436,-0.005110090791897244,0.007816607847154013,0.002458130944673846,0.0012597325871889894,-0.006245071274751178,0.0018626603382203761,-0.0035979452807125153,0.005905324627547761,0.0039160060900627364,-0.0008094329360554522,-0.004214304122176583,-0.010404485174883828,0.0016821571766630552,-0.0004738348500924671,0.009070220758509249,0.0012579796410767587,-0.002656804585933901,0.00033169015750632747,0.001080574720561206,-0.0008970895739287857,-0.0009777580076129166,0.001078866837374073,-8.384114948393011e-06,-0.0,0.0,0.0,0.0,0.0,0.0,0.0,0.0,0.0,0.0,0.0,0.0,0.0,0.0,0.0,0.0,0.0,0.0,0.0,0.0,0.0,0.0,0.0,0.0,0.0,0.0,0.0,0.0,0.0,0.0,0.0,0.0,0.0,0.0,0.0,0.0,0.0,0.0,0.0,0.0,0.0,0.0,0.0,0.0,0.0,0.0,0.0,0.0,0.0,0.0,0.0,0.0
497A,143721,-0.06644233663398193,0.040792177746109264,0.0015998366852110625,-0.01164483340378347,0.023857032424061286,-0.03110757951393953,0.00032389737918840617,0.0070711947029536495,-0.0014384248557809771,0.028206377228395717,-0.009392577356470632,-0.001961103282465003,-0.005073209711602059,-0.00018801315431546216,-0.004340439901694652,0.011173911773467372,-0.0007508813526430975,-0.0032155147601187696,-0.003778661992609684,-0.0006272973943863605,-0.013445338088502066,-0.009353164147315166,0.00032527800356507415,-0.0025992746213273302,0.0012578581081410618,0.0028960347511071327,0.0003592470015219971,-0.009047363446670481,0.002395073620299606,0.0023978162561970585,0.001999551273173696,0.0015356157489031079,-0.0036240263669179615,-0.0018522911870236817,0.005015692227899622,-0.0016084114602411357,0.00019795864855577222,-0.0,0.0,0.0,0.0,0.0,0.0,0.0,0.0,0.0,0.0,0.0,0.0,0.0,0.0,0.0,0.0,0.0,0.0,0.0,0.0,0.0,0.0,0.0,0.0,0.0,0.0,0.0,0.0,0.0,0.0,0.0,0.0,0.0,0.0,0.0,0.0,0.0,0.0,0.0,0.0,0.0,0.0,0.0,0.0,0.0,0.0,0.0,0.0,0.0,0.0,0.0,0.0
497B,143722,-0.05118116907105922,0.042456927607508556,-0.025081993901026358,0.0023744748087970603,0.015803176513574126,0.012531757619348749,-0.0009962571641766566,0.005717296299869695,-0.002757273142133872,-0.006042781610185263,0.0017769361178826281,-0.0013737310605908483,0.007104400683138918,-0.0012604234984543445,-0.007422849377427651,0.001284170011597587,0.016454327756684088,-0.004517568233994339,0.012347985872058665,0.0034156538172357516,-0.0012018163475511303,-0.002742014960006994,-0.0014064102940625136,0.005049759575003076,0.0004327257060798941,0.007257799003342711,-0.001329849879726833,-0.006048658165377108,-0.0011095150211995518,0.00037326008207895825,0.0027095813863202358,-0.0011978490219768819,0.004905948450165445,-0.0019762541827375024,0.0027998158387583416,-0.00020094125597291452,0.00045898409084169225,-0.0,0.0,0.0,0.0,0.0,0.0,0.0,0.0,0.0,0.0,0.0,0.0,0.0,0.0,0.0,0.0,0.0,0.0,0.0,0.0,0.0,0.0,0.0,0.0,0.0,0.0,0.0,0.0,0.0,0.0,0.0,0.0,0.0,0.0,0.0,0.0,0.0,0.0,0.0,0.0,0.0,0.0,0.0,0.0,0.0,0.0,0.0,0.0,0.0,0.0,0.0,0.0
497C,143723,-0.07209782331872984,-0.08136517107937474,-0.011997922830698485,0.011670683029368327,0.030739244032578723,0.012625735648851713,-0.029802892433096476,0.018064573014914168,0.0078017678233418064,-0.014148549823419149,-0.018036123273934307,-0.020116093578162055,0.010120468371997027,-0.021125854765205242,-0.00903528560120862,-0.009269041233692725,-0.022892500409379783,-0.011750678718796849,0.007883933819156086,0.006678954639987145,0.011816931994254447,-0.010053061988599217,-0.003254588489934869,-0.01328102886484489,0.010445094842882826,-0.003552195644614607,-0.004316099632326431,-0.007548116050660651,0.003636570822360123,0.00044660645843741417,0.0005798070589108349,0.0004984870630895147,0.00014266109241262436,-0.00016305639044621165,-0.00042980853035561365,0.0001461958956740638,-0.0007663972638213218,-0.0,0.0,0.0,0.0,0.0,0.0,0.0,0.0,0.0,0.0,0.0,0.0,0.0,0.0,0.0,0.0,0.0,0.0,0.0,0.0,0.0,0.0,0.0,0.0,0.0,0.0,0.0,0.0,0.0,0.0,0.0,0.0,0.0,0.0,0.0,0.0,0.0,0.0,0.0,0.0,0.0,0.0,0.0,0.0,0.0,0.0,0.0,0.0,0.0,0.0,0.0,0.0
576A,143730,-0.11476184621355791,-0.0411518047370544,0.075212990521284,-0.006294969674779084,-0.009209644179049969,-0.05636288316216876,-0.023725639062498773,-0.0475910751849409,0.0022491726481177875,0.05035078842037656,0.0016227987617634118,0.014661539513246615,0.010928009399173575,0.007559537017391184,-0.011798652969458841,0.013934773987228257,0.00886557001618725,-0.009814705199334552,0.03146929307744891,-8.118862767211178e-05,0.0045430545927056835,0.00856628827091163,0.00775426097167218,0.0035032747016215367,0.0019728213216865242,-0.0005298570697784323,0.0007130273791059007,0.002114984912369123,-0.0017112134276993977,-0.0015429892312896212,-0.0003955835147953748,0.0015334019051089054,-0.000532851645467746,0.000728782242389279,8.525524862618496e-05,3.241552409344582e-05,-0.0004845905548706949,-0.0,0.0,0.0,0.0,0.0,0.0,0.0,0.0,0.0,0.0,0.0,0.0,0.0,0.0,0.0,0.0,0.0,0.0,0.0,0.0,0.0,0.0,0.0,0.0,0.0,0.0,0.0,0.0,0.0,0.0,0.0,0.0,0.0,0.0,0.0,0.0,0.0,0.0,0.0,0.0,0.0,0.0,0.0,0.0,0.0,0.0,0.0,0.0,0.0,0.0,0.0,0.0
576B,143731,-0.09593892667234978,-0.060655793701151574,0.03467541525748424,-0.012121064235638128,0.033290473175820026,0.005838383619030895,-0.004870532755980902,-0.004756291849634544,4.556078292071721e-05,-0.03482966096199102,0.0037919805839168493,-0.015230339559695213,-0.013571485614196514,0.002997612306529226,-0.0008762648381676978,-0.0114644942721558,0.02098649893305816,-0.0055509100203866,-0.03358464273581271,0.0031316459721510213,0.0034047475709334464,-0.0034934759004858888,-0.004351767798550342,-0.0057511988573400495,0.0026803849898861345,0.0034563500813558916,0.0012573732863289094,0.002264955950958126,0.0033913494711323615,0.0004375256059383595,-0.005205526286213577,-0.001382703257447787,-0.00031532281399703854,-0.0007387774832164488,-0.0014263814078972824,-0.00037851869633327945,-0.0002538955425795009,-0.0,0.0,0.0,0.0,0.0,0.0,0.0,0.0,0.0,0.0,0.0,0.0,0.0,0.0,0.0,0.0,0.0,0.0,0.0,0.0,0.0,0.0,0.0,0.0,0.0,0.0,0.0,0.0,0.0,0.0,0.0,0.0,0.0,0.0,0.0,0.0,0.0,0.0,0.0,0.0,0.0,0.0,0.0,0.0,0.0,0.0,0.0,0.0,0.0,0.0,0.0,0.0
576C,143732,0.04126909062749085,0.09081953322408973,0.06767052022308935,-0.024936717687392758,0.0020934848758124274,-0.020037263385559157,0.001176699063733337,0.06004338623077366,0.05837837645314938,0.016667367381103703,0.03675786970370793,0.04868369239984858,-0.02663579521776217,-0.019199340782766257,0.012226063071980034,0.0088253427343671,-0.004013089403494212,0.013461779862321709,-0.007540464163912253,-0.0046680169063521414,-0.005681746013831632,0.008798292881764612,-0.012535166048399748,-0.002567444022377975,-0.0034686493740059654,0.001071797912319305,-0.0026021675120953608,-0.0031917613557291835,-0.00010189511167444008,-0.0020055010156194678,0.0004332229192875099,0.0003222965915189032,-0.0006729120883618826,0.00016894362259835648,0.00015181667006682417,-0.00015262378968202504,-6.604555763825582e-05,-0.0,0.0,0.0,0.0,0.0,0.0,0.0,0.0,0.0,0.0,0.0,0.0,0.0,0.0,0.0,0.0,0.0,0.0,0.0,0.0,0.0,0.0,0.0,0.0,0.0,0.0,0.0,0.0,0.0,0.0,0.0,0.0,0.0,0.0,0.0,0.0,0.0,0.0,0.0,0.0,0.0,0.0,0.0,0.0,0.0,0.0,0.0,0.0,0.0,0.0,0.0,0.0
612A,143739,-0.07141571986609538,0.02260406137334923,0.01886979459530068,0.013354242634571481,-0.004933573991079727,-0.012003659950001105,0.018284707580678256,-0.030210091255936364,-0.031177030647746296,0.0137251108602305,0.011755585313923225,-0.010898794651536592,0.002706426605681364,0.01209232436099192,0.017233878625504965,0.0017589832827596438,-0.012391232590610238,0.004088922314399092,-0.00907934352112679,-0.0028323815375265646,-0.000923505434741425,-0.016935166358873033,0.0009744024689615872,-0.009567526802275248,-0.0012722712238571248,0.0018294723818067188,-0.010867879945187018,0.0032921117198520464,-0.0023855495088312643,0.0008732424796487913,0.0010455358326005092,-0.0010726266222335398,0.0004336839266387968,0.0009669634757054681,0.0005573921629872199,-0.0005986128640042281,-2.8280081469357106e-05,-0.0,0.0,0.0,0.0,0.0,0.0,0.0,0.0,0.0,0.0,0.0,0.0,0.0,0.0,0.0,0.0,0.0,0.0,0.0,0.0,0.0,0.0,0.0,0.0,0.0,0.0,0.0,0.0,0.0,0.0,0.0,0.0,0.0,0.0,0.0,0.0,0.0,0.0,0.0,0.0,0.0,0.0,0.0,0.0,0.0,0.0,0.0,0.0,0.0,0.0,0.0,0.0
612B,143740,-0.06754861003860745,0.03912464924564969,-0.04555127393964528,0.0008575710456824837,-0.0067349652744114015,0.06451514107714623,0.02070128979207908,-0.01237283064707889,-0.010455300850653533,0.023019736478274537,0.030752931929533607,0.007192481796710961,-0.03591743736582216,0.004483071722993809,-0.004199017086735562,-0.005804326160303482,0.009250444817974247,-0.012959883338156468,0.01889323213186785,-0.008118455155959154,-0.012456280361683121,-0.010929675792603993,-0.007218245081885069,-4.1730240615820524e-05,-0.0009095612414422251,-0.014134319264830301,-0.002270468771256353,0.0006217865734950737,0.002271659994832302,-0.0005767870523621668,-0.0022853895721216735,-0.0017220846835829754,0.0010418390322806594,0.001335898400754437,0.0014248989889215121,1.340726931010893e-05,-0.0003914163828132604,-0.0,0.0,0.0,0.0,0.0,0.0,0.0,0.0,0.0,0.0,0.0,0.0,0.0,0.0,0.0,0.0,0.0,0.0,0.0,0.0,0.0,0.0,0.0,0.0,0.0,0.0,0.0,0.0,0.0,0.0,0.0,0.0,0.0,0.0,0.0,0.0,0.0,0.0,0.0,0.0,0.0,0.0,0.0,0.0,0.0,0.0,0.0,0.0,0.0,0.0,0.0,0.0
612C,143741,-0.05801558773150985,0.002650390900974106,-0.04365105761197631,0.0633772618347505,-0.03162999020302661,-0.007330518606542126,0.013750582119920899,-0.005875566481270549,0.051701906339084926,0.03313120020752518,0.003554239881229122,-0.028057921733807747,-0.0024621065067110546,0.011431006349220015,0.013677210419359931,0.019265933668226036,0.003452266246751146,-0.0001623918534449216,-0.007279855024558777,-0.006232757560553225,-0.002004245649091707,-0.0052153314943543085,0.005703889589755096,-0.006327702524323071,-0.011477231029388668,0.004554114845024399,-0.003483516144677543,-0.004382870223521486,-0.0022727266930028293,-0.0009000836361565455,0.0022466365528061344,0.002257733731839287,-0.0008311013224914993,0.0011203718153630804,0.0015532604285378323,0.0009005280064174311,0.00047095849578954847,-0.0,0.0,0.0,0.0,0.0,0.0,0.0,0.0,0.0,0.0,0.0,0.0,0.0,0.0,0.0,0.0,0.0,0.0,0.0,0.0,0.0,0.0,0.0,0.0,0.0,0.0,0.0,0.0,0.0,0.0,0.0,0.0,0.0,0.0,0.0,0.0,0.0,0.0,0.0,0.0,0.0,0.0,0.0,0.0,0.0,0.0,0.0,0.0,0.0,0.0,0.0,0.0
620A,143742,-0.06997353738315237,-0.07012835250919675,-0.00479891532404658,0.008045123223844248,0.02731619045929754,0.02442411445682403,-0.02169636942893473,0.014622443224442784,0.013511405775777547,-0.021280865015977705,-0.000977275618836553,-0.010810387013588591,-0.0024285971511513655,-0.012622490874695427,-0.010284348930611633,0.00014703348701451723,-0.005464122860434658,-0.00490196177473382,0.01340370544215266,0.004936273248441299,0.0076396224131073396,0.014021807446394892,-0.0030573049358351874,-0.003111442395455396,-0.012944850469659173,0.003077711205821604,0.0007181012898220588,0.0031835240740730494,-0.0037511428395021157,0.00552759200921575,0.001275201660900634,-0.0006300718629109182,-0.001936354011934585,0.002458083946601867,0.0008556846245818842,0.00010098429308662987,0.0008981010645880277,-0.0,0.0,0.0,0.0,0.0,0.0,0.0,0.0,0.0,0.0,0.0,0.0,0.0,0.0,0.0,0.0,0.0,0.0,0.0,0.0,0.0,0.0,0.0,0.0,0.0,0.0,0.0,0.0,0.0,0.0,0.0,0.0,0.0,0.0,0.0,0.0,0.0,0.0,0.0,0.0,0.0,0.0,0.0,0.0,0.0,0.0,0.0,0.0,0.0,0.0,0.0,0.0
620B,143743,-0.09384445095815566,-0.07350949664352675,0.03680421918878253,-0.008032674704593255,-0.00657896488437903,0.03983305498349545,0.012860936329107918,-0.023483641502944047,0.001310946443182988,-0.023827569756035262,0.0005049455381665476,-0.0004590425747796865,-0.008572560049034493,-0.006454932538530836,-0.001977716138987118,0.000878219389140903,-0.011032516748184652,-0.013869193259184886,-0.014993151223996637,-0.0020165517289082754,-0.004194686972861321,-0.0004995328088619687,0.00288146319134498,-0.002085854163634703,-0.0023899993015810213,-0.0016770866047881566,0.003403810877271986,0.0024775875938540864,-0.0007871067784004861,-0.005653295476968137,0.0076135853455002395,0.003400943531872327,-0.0005090126314541623,0.0014315330669268942,0.0016469096750260546,-0.0010282589275504433,-0.000321801511835628,-0.0,0.0,0.0,0.0,0.0,0.0,0.0,0.0,0.0,0.0,0.0,0.0,0.0,0.0,0.0,0.0,0.0,0.0,0.0,0.0,0.0,0.0,0.0,0.0,0.0,0.0,0.0,0.0,0.0,0.0,0.0,0.0,0.0,0.0,0.0,0.0,0.0,0.0,0.0,0.0,0.0,0.0,0.0,0.0,0.0,0.0,0.0,0.0,0.0,0.0,0.0,0.0
670C,143753,0.19046327107100897,0.08175398675888268,0.025308094067606292,-0.011199938161768425,0.005547672745700373,0.011843696611445277,-0.01780006041531684,0.03390616548270252,0.00867782052456715,-0.002223003177263076,0.01314318579610808,-0.021482476736343417,0.018391788290825856,0.005491599575909186,0.007448726121796271,-0.03876966914465127,-0.0005899553874442834,0.0025692967996688736,0.0024380589870634417,-0.005490533223510289,-0.020068672344879086,-0.005230040951708932,0.02542461482446894,0.005069172955239284,0.0027739641198268527,-0.003449423525778237,0.006557399676876182,0.002590732029984192,-0.0007105253013286192,0.0043825833899709945,-0.003445217065646994,-0.0005840012815828609,-0.0007583524067656998,-0.000682907811044724,0.0001512027142592039,0.00012498986085665004,0.00017601233625905206,-0.0,0.0,0.0,0.0,0.0,0.0,0.0,0.0,0.0,0.0,0.0,0.0,0.0,0.0,0.0,0.0,0.0,0.0,0.0,0.0,0.0,0.0,0.0,0.0,0.0,0.0,0.0,0.0,0.0,0.0,0.0,0.0,0.0,0.0,0.0,0.0,0.0,0.0,0.0,0.0,0.0,0.0,0.0,0.0,0.0,0.0,0.0,0.0,0.0,0.0,0.0,0.0
677B,143755,0.3020427302203584,0.10314095850506383,0.058022850325350935,0.006803372937424625,-0.02242223606844679,0.03706418402120757,0.057241650758775464,-0.0234450268051604,0.006277101848060976,0.03796830124594921,-0.05059866995223158,-0.012471951285969436,-0.015868586181863945,-0.0009624684578857752,-0.0005064948105197979,-0.029103676847716625,-0.00821010685576585,0.013720912718873466,0.018517904854678535,0.02204230989653838,-0.006630813181121236,0.002931996105261914,-0.011270395566823268,0.004926077848462983,-0.009712172780393826,-0.0009702461510974187,0.00038856542421890263,-0.0017780731570835513,0.0009192862666675742,-0.002432947496570783,0.001292829978535087,-0.0010376983987678817,0.00013915643220269465,-0.0009050254905225253,2.2503309137112777e-05,-7.632650076523684e-05,-0.0003456334881176152,-0.0,0.0,0.0,0.0,0.0,0.0,0.0,0.0,0.0,0.0,0.0,0.0,0.0,0.0,0.0,0.0,0.0,0.0,0.0,0.0,0.0,0.0,0.0,0.0,0.0,0.0,0.0,0.0,0.0,0.0,0.0,0.0,0.0,0.0,0.0,0.0,0.0,0.0,0.0,0.0,0.0,0.0,0.0,0.0,0.0,0.0,0.0,0.0,0.0,0.0,0.0,0.0
684A,143757,-0.06831773140800766,0.06126623784104418,-0.00896175064904807,0.00012431513559015773,0.013788667494419137,-0.002817524008316425,0.003971708789377205,0.004053990347177451,0.0005996865153630409,-0.02008092465914847,0.009474886170598018,0.007079786436485287,0.003395404674859935,-0.012749113057660829,0.00029690652404830545,-0.0074302285808259035,-0.0009715520585085563,0.00678815375830958,0.009179064375799316,-0.0030519601416628636,-0.005391865686429157,0.0012167233203126938,-0.007774616162145987,0.025505954517262897,-0.001065954272201103,-0.009466353969838758,-0.009515827530120225,-0.00362519665279903,0.002122102378333071,0.0012911617601606327,-0.00011386899161029462,0.0015180761392833766,-0.0022996297639409293,0.0010868924756699749,-0.0019805497518481908,-0.0019044732450714274,-2.4240774341277037e-05,-0.0,0.0,0.0,0.0,0.0,0.0,0.0,0.0,0.0,0.0,0.0,0.0,0.0,0.0,0.0,0.0,0.0,0.0,0.0,0.0,0.0,0.0,0.0,0.0,0.0,0.0,0.0,0.0,0.0,0.0,0.0,0.0,0.0,0.0,0.0,0.0,0.0,0.0,0.0,0.0,0.0,0.0,0.0,0.0,0.0,0.0,0.0,0.0,0.0,0.0,0.0,0.0
684B,143758,-0.04726235083871173,0.03703696915720828,-0.03596883901545246,-0.005188901170515355,-0.007734874860094782,0.016352908832533635,-0.03270593446163029,0.010969308539495556,-0.01612960735415831,0.0017125414984292594,-0.006051782022462091,-0.002284213552543396,-0.004075772846716728,-0.0020113637933432296,0.01111430235807702,-0.003036782572868707,-0.001409935549631184,0.0037294218055605975,0.0030054423766752527,0.002745313968134512,-0.005868052364166856,0.008122724670897617,-0.009861110605258683,0.005028459585711418,0.005076722044629064,0.011378830906963807,0.0032989842111362756,-0.0010152126655502288,-0.001982567438689647,-0.00680837419118933,0.002312991093546804,0.0005997062141014539,0.0011928233667770985,-0.0016532717759469456,-0.0014930897238351018,0.0004969144499708041,0.0024991235981043822,-0.0,0.0,0.0,0.0,0.0,0.0,0.0,0.0,0.0,0.0,0.0,0.0,0.0,0.0,0.0,0.0,0.0,0.0,0.0,0.0,0.0,0.0,0.0,0.0,0.0,0.0,0.0,0.0,0.0,0.0,0.0,0.0,0.0,0.0,0.0,0.0,0.0,0.0,0.0,0.0,0.0,0.0,0.0,0.0,0.0,0.0,0.0,0.0,0.0,0.0,0.0,0.0
70A,143760,-0.09106375354119567,0.0745293811907633,0.002348121179903102,0.0047509482921998265,0.01262940425048648,-0.017850249192830476,0.016631838875077062,0.012104583767822159,0.033850617760195816,-0.00825522666988376,0.0014124932333280241,0.015113023996229677,-0.013661751722184734,-0.012414865313178706,-0.002386509901355738,-0.009201347075525059,0.003443496891681648,-0.030161888691869677,-0.004800425003436406,0.009923278336178551,0.008131152103909108,-0.010500121553291535,0.003629187356248109,0.010502518696380685,-0.0034767399355798956,0.009688759503096648,0.0018195923163094984,0.004479619967246689,0.0026271874348817626,-0.0004997724526667737,-0.0034571193097194274,0.0031952594988646963,-0.0009500682427686179,0.0004910457081098739,0.002600795136636698,0.0027829156690262202,0.0005100068074013401,-0.0,0.0,0.0,0.0,0.0,0.0,0.0,0.0,0.0,0.0,0.0,0.0,0.0,0.0,0.0,0.0,0.0,0.0,0.0,0.0,0.0,0.0,0.0,0.0,0.0,0.0,0.0,0.0,0.0,0.0,0.0,0.0,0.0,0.0,0.0,0.0,0.0,0.0,0.0,0.0,0.0,0.0,0.0,0.0,0.0,0.0,0.0,0.0,0.0,0.0,0.0,0.0
70B,143761,-0.05185249100791281,-0.07830284836993011,-0.08241611683975397,0.0664284339086526,-0.041650772857518774,0.01127943543121374,-0.03034237520505654,-0.07699040088278376,0.03258445344068039,-0.015614014172126298,0.009703133415029788,0.00045426166973150546,0.0073818552062326626,-0.0027793100683546237,-0.016949749955198296,-0.002406484310098281,0.017719239243454987,0.02209071769531128,-0.011925549223721897,-0.0006500248908569811,-0.014475044863120949,0.008933957606429933,0.0033575663825410633,-0.0005240696302332779,0.0038533116371014865,0.003424270157949692,-0.0014193848866203903,-0.0018345611445733758,0.0011858112849549498,-0.0021241725993488398,-0.0013901235742832113,0.00027076698051916454,-7.96626896149751e-05,-1.5556068137752197e-05,-0.00037267794290897174,-0.000828954582957021,-0.0005154718280520649,-0.0,0.0,0.0,0.0,0.0,0.0,0.0,0.0,0.0,0.0,0.0,0.0,0.0,0.0,0.0,0.0,0.0,0.0,0.0,0.0,0.0,0.0,0.0,0.0,0.0,0.0,0.0,0.0,0.0,0.0,0.0,0.0,0.0,0.0,0.0,0.0,0.0,0.0,0.0,0.0,0.0,0.0,0.0,0.0,0.0,0.0,0.0,0.0,0.0,0.0,0.0,0.0
742A,143762,-0.03782355952570825,0.03180204003560636,-0.05538009054572224,0.08037291238465749,0.012368404348392108,0.0008924651377558481,0.016980230088887063,0.03127639662961924,0.016934068147393806,0.01395034719005739,-0.03961689557938377,-0.0043263237625157285,0.01437399812105019,-0.0055951691034070465,9.352843453520523e-05,0.012584205068307935,0.014876273343603131,0.022874462039883237,-0.010898999707139213,-0.011832018187405523,-0.0013566343997418152,0.0016817500440389757,-0.021278501290224395,-0.000643473172415519,0.009998281539170775,-0.0017960559162464203,0.006206897151195903,0.0057254899678583675,0.00021599904993049467,0.0024661384524736823,0.00015766234576369695,-0.0005468290378233738,-9.983075293932178e-05,-0.00020291619000396656,-0.0003675131053378215,6.268427580679823e-05,-0.00011352773559595963,-0.0,0.0,0.0,0.0,0.0,0.0,0.0,0.0,0.0,0.0,0.0,0.0,0.0,0.0,0.0,0.0,0.0,0.0,0.0,0.0,0.0,0.0,0.0,0.0,0.0,0.0,0.0,0.0,0.0,0.0,0.0,0.0,0.0,0.0,0.0,0.0,0.0,0.0,0.0,0.0,0.0,0.0,0.0,0.0,0.0,0.0,0.0,0.0,0.0,0.0,0.0,0.0
742B,143763,-0.07910463314893063,0.05301735220803773,-0.026634808042978332,-0.03691553793166217,-0.005545592705867589,0.02297015483560274,-0.03659972808818573,0.013852604019354613,-0.04208342609426026,0.010477361925847755,-0.009792944088335651,-0.019485642107507195,-0.04018915192584514,-0.004649762718878941,0.0011210295905273576,0.0417298003714968,0.029068969735981304,0.01066746108043854,-0.008135072216830965,0.009268651196897081,-0.004769485525838645,-0.0005377212979278912,-0.004287237585411539,0.0024847937233378778,-0.0002872304179729241,-0.0002565920159547597,0.0008401367616027977,0.004532399265421986,0.001859310133650613,0.003914174816772323,-0.003255585674035075,-0.0004982394133944041,0.0008056888625009741,0.0006253909151495157,-0.00018715478728982237,0.0005129361096034433,-4.0541207228602425e-05,-0.0,0.0,0.0,0.0,0.0,0.0,0.0,0.0,0.0,0.0,0.0,0.0,0.0,0.0,0.0,0.0,0.0,0.0,0.0,0.0,0.0,0.0,0.0,0.0,0.0,0.0,0.0,0.0,0.0,0.0,0.0,0.0,0.0,0.0,0.0,0.0,0.0,0.0,0.0,0.0,0.0,0.0,0.0,0.0,0.0,0.0,0.0,0.0,0.0,0.0,0.0,0.0
742C,143764,-0.1182432600675808,0.0953107016680078,0.028756276716754323,-0.025652998593065246,-0.01005270815017726,-0.025588055708504316,0.012504067919642889,0.004634053922918885,0.02298482292242769,-0.015929015732579013,-0.006041651854613989,-0.031225026048469384,-0.04239378655810694,-0.0033614601080697343,-0.007092824015706152,-0.005262609590611952,0.014072199000169889,0.02647145271878387,-0.017035224850226804,-0.0109127328340743,0.00956030036948325,0.0009883283591660187,0.011349952923180723,-0.005963159384798834,-0.0009089177395568263,-0.001951162969598472,-0.003439925999636625,-0.0007103474108055372,-0.005035193946457224,-0.0004884459886580528,0.0029254417118893513,-0.002819247197705203,-0.0013457603028932319,0.0005308861101161608,-0.0010109011654990923,-0.00010563544035606738,-0.00014339160958252973,-0.0,0.0,0.0,0.0,0.0,0.0,0.0,0.0,0.0,0.0,0.0,0.0,0.0,0.0,0.0,0.0,0.0,0.0,0.0,0.0,0.0,0.0,0.0,0.0,0.0,0.0,0.0,0.0,0.0,0.0,0.0,0.0,0.0,0.0,0.0,0.0,0.0,0.0,0.0,0.0,0.0,0.0,0.0,0.0,0.0,0.0,0.0,0.0,0.0,0.0,0.0,0.0
745A,143765,-0.061914777511210536,0.028191036364336376,-0.0026260999281753124,-0.0016223507246415593,-0.01432901165904719,0.024226819159280065,0.024794331633721012,-0.009003194427974872,-0.011888808943283521,0.006946906705735583,-0.011008482629024693,0.012814316603754447,0.004073645809831547,-0.0015904326984073965,0.0028356249691536546,0.008936123385699147,0.006893744693503542,-0.004619246126018786,-0.0010705024166989066,-0.0012928239707114266,0.0032161535039348745,-0.007243234833507773,0.005627674302609605,0.008685119229082314,-0.0008184817572322754,0.004670755375193941,0.001956754574333438,0.0029704608634201143,0.0012032552709050962,-0.0036134625464149675,-0.003643624998819249,0.0003042740405872773,0.002117175211498886,0.002831848084813038,-0.004233956388053699,0.0009664463786633768,0.00021569325867262115,-0.0,0.0,0.0,0.0,0.0,0.0,0.0,0.0,0.0,0.0,0.0,0.0,0.0,0.0,0.0,0.0,0.0,0.0,0.0,0.0,0.0,0.0,0.0,0.0,0.0,0.0,0.0,0.0,0.0,0.0,0.0,0.0,0.0,0.0,0.0,0.0,0.0,0.0,0.0,0.0,0.0,0.0,0.0,0.0,0.0,0.0,0.0,0.0,0.0,0.0,0.0,0.0
745B,143766,-0.052432704257575624,-0.026794381443909783,-0.0019320437968051018,0.0036279931130510294,0.020881969256290166,-0.01093603469596108,-0.036571666732342335,-0.019969230007350063,0.003448581250149811,-0.002068536697467481,0.007870760281156429,0.006777878139558399,0.010849968148763453,-0.010283821035344832,-0.010066931282473332,-0.010790178690743522,0.007335326528910578,0.012723240229478799,-0.00239034851281403,-0.0076996307174030665,0.0029850524768492985,-0.006652829240773966,-0.010280352936041922,0.003870463820378702,-0.010492677686610358,-0.002271569271763881,-0.00102836287703476,0.0021308008179308706,0.0006239191645041831,0.004632280965980994,0.0018723182026871162,-0.0014917065591413764,0.0026722241328389616,0.0009107914553627654,0.0002949562122445921,0.0010919560985870591,0.0008077198727038183,-0.0,0.0,0.0,0.0,0.0,0.0,0.0,0.0,0.0,0.0,0.0,0.0,0.0,0.0,0.0,0.0,0.0,0.0,0.0,0.0,0.0,0.0,0.0,0.0,0.0,0.0,0.0,0.0,0.0,0.0,0.0,0.0,0.0,0.0,0.0,0.0,0.0,0.0,0.0,0.0,0.0,0.0,0.0,0.0,0.0,0.0,0.0,0.0,0.0,0.0,0.0,0.0
748A,143768,-0.07196498051400793,0.032469532561812724,-0.008738560936379067,0.021126758110678746,-0.009086840517189387,0.03263932571306724,0.025023114301532128,-0.010739355707908503,-0.013667202097316406,0.00902724345204863,0.007406553945139791,-0.007579929690151563,0.00880457560306776,-0.00882474148543117,-0.014149023313145338,0.0002063373714365808,0.0025680703995858848,-0.02037402732969461,-0.010758671299432823,0.009323168633083285,-0.0017565081732881511,0.0045319612789402105,-0.004101199981677799,-0.008285670371337485,-0.0026912718619454346,0.0013224705081303126,0.00010460781576412984,0.006707771853991519,0.00010773609712332368,0.0015339614351815402,0.006304376671934501,0.003605442344301433,-0.0027618507747845223,-0.0011703266922469234,-0.0021734349074529723,7.425236702950812e-05,0.0013931352384908165,-0.0,0.0,0.0,0.0,0.0,0.0,0.0,0.0,0.0,0.0,0.0,0.0,0.0,0.0,0.0,0.0,0.0,0.0,0.0,0.0,0.0,0.0,0.0,0.0,0.0,0.0,0.0,0.0,0.0,0.0,0.0,0.0,0.0,0.0,0.0,0.0,0.0,0.0,0.0,0.0,0.0,0.0,0.0,0.0,0.0,0.0,0.0,0.0,0.0,0.0,0.0,0.0
748B,143769,-0.05682342607845219,-0.0377934500479042,0.008388330842637848,-0.030641118367101157,-0.023646170989382077,0.029844718820320085,-0.02459443591681867,-0.047411301921417175,0.009459117816976635,-0.004103881783946534,0.009977281057296297,0.003730935357683943,0.016280825519103013,0.0027495055816748777,-0.0019022961655395514,0.00363455822705717,0.008526172572478554,0.0227612385999555,0.004252953430093817,0.0004456456020461934,-0.01116383102100232,-0.0027767452231360853,-0.001923661331368848,-0.006691011598491143,0.009058322253594006,0.0006597405433954045,-0.0032980324863411572,0.0009072104807609139,-0.0006575874535199092,0.004620973320629022,0.0015843528525242782,0.0006569590192058159,-0.001921871858622839,0.0017022470253504026,0.00010924038251067875,0.0008466105521527855,0.00047722755909558156,-0.0,0.0,0.0,0.0,0.0,0.0,0.0,0.0,0.0,0.0,0.0,0.0,0.0,0.0,0.0,0.0,0.0,0.0,0.0,0.0,0.0,0.0,0.0,0.0,0.0,0.0,0.0,0.0,0.0,0.0,0.0,0.0,0.0,0.0,0.0,0.0,0.0,0.0,0.0,0.0,0.0,0.0,0.0,0.0,0.0,0.0,0.0,0.0,0.0,0.0,0.0,0.0
78A,143771,0.2607982869298252,0.05985310768660067,0.029836061324985848,0.0887308399504003,-0.15513686102743424,-0.02587450358093638,-0.05600386002965512,0.027941681506815325,-0.05109265467651931,0.010012997746391167,0.02546085903052763,0.009573878157538383,0.0018547534636092872,6.692144811147886e-05,0.03052216563372108,0.006486826390610988,0.002114137408280193,-0.01333130355729024,-0.000821422602749753,-0.022004349712964867,0.006470339211472795,0.0017750365101911905,0.005457727859963058,0.00030212026008745495,0.0019004027204191844,-0.002314530520352931,0.0012335923815799572,0.00038926423887242315,0.0008421988835087561,0.0008837865625543259,0.0010974808638499697,2.8054608692572392e-05,-0.0002355001527920537,-0.00035874122458786825,-0.0005965940015041627,-0.00040553207235732164,-0.00020316323140490012,-0.0,0.0,0.0,0.0,0.0,0.0,0.0,0.0,0.0,0.0,0.0,0.0,0.0,0.0,0.0,0.0,0.0,0.0,0.0,0.0,0.0,0.0,0.0,0.0,0.0,0.0,0.0,0.0,0.0,0.0,0.0,0.0,0.0,0.0,0.0,0.0,0.0,0.0,0.0,0.0,0.0,0.0,0.0,0.0,0.0,0.0,0.0,0.0,0.0,0.0,0.0,0.0
83A,143776,-0.09936028462193637,-0.08871322679901228,0.005287427099144433,0.07464849762220933,0.05434974453463756,-0.02138286071971214,-0.009896381198755874,0.013268681304362089,-0.005372978781656136,0.002986828350367618,0.006325277642089349,0.008528483143719201,0.009270206902886869,0.024533570585151532,0.003906156129211205,0.0012040130966517687,0.03224384831816201,0.005116164370677782,0.01732102648234033,-0.004246679794461982,0.0016918124784951758,0.013988589771434308,0.0052695220977162895,0.005383560341432334,0.00044408563736239945,-0.00021403659033829376,0.0030449750881093693,-0.00046721181427289475,0.0027428059788068945,-0.002802684775445071,0.0003782177342708716,0.000344602500877346,-0.00018823241788830643,0.0005873954386931188,0.0011405453639060498,-5.600976040986119e-05,0.00022610820027324602,-0.0,0.0,0.0,0.0,0.0,0.0,0.0,0.0,0.0,0.0,0.0,0.0,0.0,0.0,0.0,0.0,0.0,0.0,0.0,0.0,0.0,0.0,0.0,0.0,0.0,0.0,0.0,0.0,0.0,0.0,0.0,0.0,0.0,0.0,0.0,0.0,0.0,0.0,0.0,0.0,0.0,0.0,0.0,0.0,0.0,0.0,0.0,0.0,0.0,0.0,0.0,0.0
83B,143777,-0.14575711264187696,-0.08185913662846163,0.09696674654376478,-0.012236653742068076,-1.9210192509102616e-05,-0.020120202416657143,0.01134507543608767,-0.03275974561439672,-0.05147049216426008,-0.010933483032128266,-0.003643730729941873,-0.008010135153594618,-0.00039486408499934126,0.009243750664776538,0.011325793536107154,-0.010616811170742844,0.029322796951829842,-0.0031568007464240085,0.010772822672858607,-0.010397698068039403,0.009997752444514054,-0.0087767912496081,0.0027950047302840353,-0.0021601632595445587,0.0011251158557251798,0.005094624553237645,0.0031903184031174168,-0.00643039134180771,0.0022844042100825562,0.0020173614910914545,0.0019701059663314487,-0.001115464374193636,0.0012057922168857134,-0.00024657522953368185,-9.116571200464777e-05,0.0006572821729562607,0.0003941408067280476,-0.0,0.0,0.0,0.0,0.0,0.0,0.0,0.0,0.0,0.0,0.0,0.0,0.0,0.0,0.0,0.0,0.0,0.0,0.0,0.0,0.0,0.0,0.0,0.0,0.0,0.0,0.0,0.0,0.0,0.0,0.0,0.0,0.0,0.0,0.0,0.0,0.0,0.0,0.0,0.0,0.0,0.0,0.0,0.0,0.0,0.0,0.0,0.0,0.0,0.0,0.0,0.0
10B,143629,0.2591607264142202,-0.14624523897205854,0.05948161037168144,-0.10429828459062185,-0.029573017382668536,-0.04653842834746638,0.03518004763920687,-0.009436733253296617,-0.03940728840902601,-0.03511605064226667,-0.01729720838322464,-0.02799201826148157,-0.014694150208827523,-0.006013414469839434,0.0033090443800982135,0.0025137206438978223,0.014918876852401989,0.009454183502885917,0.008386533666132723,0.0038315829133959123,0.00886982774516277,0.0008242378900185846,-0.0015104584546929123,-0.0022242394057811745,-0.0016470497875802903,-0.00703636616530112,0.0007322135430085991,-0.0012841999872543546,-0.0016043835168106136,-0.0018026641485274814,0.0006075027126392468,0.0014720526752871838,5.0231488637862195e-05,0.00028107437391682613,5.757658417647443e-05,-0.00013212976516173276,-0.00018757224736589833,-0.0,0.0,0.0,0.0,0.0,0.0,0.0,0.0,0.0,0.0,0.0,0.0,0.0,0.0,0.0,0.0,0.0,0.0,0.0,0.0,0.0,0.0,0.0,0.0,0.0,0.0,0.0,0.0,0.0,0.0,0.0,0.0,0.0,0.0,0.0,0.0,0.0,0.0,0.0,0.0,0.0,0.0,0.0,0.0,0.0,0.0,0.0,0.0,0.0,0.0,0.0,0.0
10C,143630,0.33067396109996466,0.12519041251425622,0.027699667743379345,-0.0317226486411746,0.03463971549101199,-0.005316250645763065,0.017746938382100366,0.012467212905684283,0.02157232697862789,-0.03961120238567469,-0.054086219070692824,0.029031385183998913,0.013624031667971296,-0.025273922716995006,0.01628104866622115,0.01398301412363421,0.017637392375934896,-0.016385864447709144,0.003573975215758865,-0.004606993423381137,0.004987371008633434,0.002217274853913393,0.0039056594750594216,-0.007982726588461197,0.0022820796650900393,-0.0009617907642243391,-0.0032072664421974543,0.0007608266624838371,-0.001824782727724717,-5.178772595144966e-05,0.00027741685403512886,-0.0003116212958757524,0.00014990373301023278,0.0006989453881917922,-0.00016288394554745978,-6.841716731314579e-05,-1.3315024862365746e-05,-0.0,0.0,0.0,0.0,0.0,0.0,0.0,0.0,0.0,0.0,0.0,0.0,0.0,0.0,0.0,0.0,0.0,0.0,0.0,0.0,0.0,0.0,0.0,0.0,0.0,0.0,0.0,0.0,0.0,0.0,0.0,0.0,0.0,0.0,0.0,0.0,0.0,0.0,0.0,0.0,0.0,0.0,0.0,0.0,0.0,0.0,0.0,0.0,0.0,0.0,0.0,0.0
1221C,143642,0.33189346531716957,-0.05701091283597611,0.0473786136434811,-0.06950516827996205,-0.001914471385022084,-0.02716519586941063,-0.016944233903377827,-0.1393313786301675,0.017330542542772547,-0.012398275760719656,-0.007831431915539195,0.03286822888007968,0.00021386030963149174,0.001983081479361296,-0.008974233338900598,0.010089037365793838,-0.016973912995870904,0.0029978837294850048,-0.0043243883399507145,0.002353140776132256,-0.0001570258622862048,-0.003579772541193765,0.0012193696239161242,0.0007386202094158539,0.0022326038532127185,0.0025444304464337657,0.002579786981470884,0.0006071353163041657,0.0016708753348507648,0.0016501380183982488,-2.1659385385013663e-05,-0.0005965379324708833,-7.625488247906843e-06,0.00013029662802935705,9.223416329217435e-05,0.00011159509428295664,0.0001513617734117683,-0.0,0.0,0.0,0.0,0.0,0.0,0.0,0.0,0.0,0.0,0.0,0.0,0.0,0.0,0.0,0.0,0.0,0.0,0.0,0.0,0.0,0.0,0.0,0.0,0.0,0.0,0.0,0.0,0.0,0.0,0.0,0.0,0.0,0.0,0.0,0.0,0.0,0.0,0.0,0.0,0.0,0.0,0.0,0.0,0.0,0.0,0.0,0.0,0.0,0.0,0.0,0.0
1255C,143651,0.07080489684021626,0.07245301309257801,0.021972689946830055,-0.01142642594549017,-0.09531072232424947,0.011177872716870457,-0.013239787155271104,0.053872118707264945,-0.03678777627493136,0.003878835005023895,-0.05851744700202761,0.027821312186573122,0.015199629483249074,0.03739203592811094,-0.03746355142192174,0.010042337344399927,-0.016977188845931537,0.002860233074325695,-0.015867941177752965,-0.007618736838494637,-0.006566266539279812,-0.010331713586735632,-0.009568758050647075,0.0004728636409824026,0.0005180694655916833,-2.9766183401545106e-05,8.973355455692312e-05,-0.00023064223311324638,0.0006809101376357192,3.191717472200224e-05,-0.0009854389074087826,0.000133920585017491,-0.0002446553445878183,0.0004345247716290791,0.0002481860830553077,0.00010388379680329708,3.186067038280815e-05,-0.0,0.0,0.0,0.0,0.0,0.0,0.0,0.0,0.0,0.0,0.0,0.0,0.0,0.0,0.0,0.0,0.0,0.0,0.0,0.0,0.0,0.0,0.0,0.0,0.0,0.0,0.0,0.0,0.0,0.0,0.0,0.0,0.0,0.0,0.0,0.0,0.0,0.0,0.0,0.0,0.0,0.0,0.0,0.0,0.0,0.0,0.0,0.0,0.0,0.0,0.0,0.0
146A,143673,0.1951418017781194,0.08241560023463519,0.05582777349707205,0.04145559713112693,-0.04600401098104491,0.057057240681694085,0.025182174435286794,-0.005195825944138113,0.014889057642781561,-0.01335282314494787,0.0010003608499421608,-0.04852964619646968,0.01192633507131145,-0.002224976601023808,-0.015564060007621896,0.004070751824661438,-0.0029216344469069713,-0.020770349620581288,0.009650316999806464,-0.013075147784298831,0.005653729569394551,0.01184926301554816,-0.006957819497078682,-0.007515874732555213,0.00863906791439037,0.00328400237851517,-7.283947531331938e-05,0.0018602901064121878,0.00033774935175088133,0.0018357560125065076,-0.0006573056614023542,0.0011985897799216849,0.0002093018637362527,0.0011981540023829895,-0.00016419451701985983,0.0003157952185252899,0.00042277862616119793,-0.0,0.0,0.0,0.0,0.0,0.0,0.0,0.0,0.0,0.0,0.0,0.0,0.0,0.0,0.0,0.0,0.0,0.0,0.0,0.0,0.0,0.0,0.0,0.0,0.0,0.0,0.0,0.0,0.0,0.0,0.0,0.0,0.0,0.0,0.0,0.0,0.0,0.0,0.0,0.0,0.0,0.0,0.0,0.0,0.0,0.0,0.0,0.0,0.0,0.0,0.0,0.0
146B,143674,-0.04608781325666851,-0.16884598057264477,-0.08007796116329667,0.026367298976168824,-0.01770438562135847,-0.03981357020688511,0.0316550849301568,0.009170934698415352,-0.005253896427501465,0.009700765947043112,-0.005786632972148054,0.0010028718736693509,-0.0050724417194429085,-0.011146131706667397,0.002409885552003086,-0.008270939391059787,-0.007660266826543999,-0.0017401438448899325,-0.007770838242686901,-0.0007963483134170027,-0.0016060817716561742,-0.002909769145148988,0.0005607005061599921,-0.0038855875077026623,-0.00021235706126339641,-0.008770592360637807,0.0031221910272086944,-0.0007832833623314719,-0.0010352082297630874,-0.0010094786683034823,-0.003570399185882212,0.007291606581954546,0.00316496411579825,-0.0011790071651958493,0.0021231880917715043,0.00035981508897497093,0.0007477231800675167,-0.0,0.0,0.0,0.0,0.0,0.0,0.0,0.0,0.0,0.0,0.0,0.0,0.0,0.0,0.0,0.0,0.0,0.0,0.0,0.0,0.0,0.0,0.0,0.0,0.0,0.0,0.0,0.0,0.0,0.0,0.0,0.0,0.0,0.0,0.0,0.0,0.0,0.0,0.0,0.0,0.0,0.0,0.0,0.0,0.0,0.0,0.0,0.0,0.0,0.0,0.0,0.0
160C,143681,-0.07286015740044025,-0.13258815702289573,-0.019226454569396763,-0.05256400765816402,0.035613622853606995,-0.04274981611939977,-0.007778991760692315,0.04128240119520063,-0.021758435904555437,0.0045254518207515654,-0.015944558438073256,-0.02745124374375108,0.004150976062854181,-0.018346159718720084,-0.0018942588646905676,-0.012489837420144836,-0.013471485689894131,0.0028361191250440777,0.0006773182669491167,-0.0059602440982384815,-0.0074958626406733285,0.0004929673814006441,-2.469352007604413e-06,0.01127769441211318,0.0026718709898160436,0.0019491717422501916,-0.008132857631487174,0.00348976855334895,-0.0017937953080767969,-0.0018756127160961828,0.0017266090251712568,0.00010044580277437342,-0.0013502701462777163,0.0007280282557989589,0.0004259067658369873,-0.000740557282066774,-0.00030855216700349884,-0.0,0.0,0.0,0.0,0.0,0.0,0.0,0.0,0.0,0.0,0.0,0.0,0.0,0.0,0.0,0.0,0.0,0.0,0.0,0.0,0.0,0.0,0.0,0.0,0.0,0.0,0.0,0.0,0.0,0.0,0.0,0.0,0.0,0.0,0.0,0.0,0.0,0.0,0.0,0.0,0.0,0.0,0.0,0.0,0.0,0.0,0.0,0.0,0.0,0.0,0.0,0.0
34B,143707,0.14123959384766588,-0.12833678307285604,0.08866066181635117,-0.12392262449199899,-0.04530707715210252,-0.026680039791717028,-0.004880197525178983,0.05022905183102204,0.06330380904478503,0.029477623827307353,0.0007456377011663538,-0.022756466637765115,-0.0005179572759340808,0.0259407937992559,0.0037804402581277036,-0.00020755116694495956,0.010440152440790685,-0.010695506506092531,-0.016412460951086744,-0.008111324043359612,-0.010150179107040636,-0.009746554020017104,-0.0011086853531627236,-0.0009407685256758484,0.0011490991764882025,0.001093926852420318,1.360024996560503e-05,0.0005420512649116967,0.0006360147103772194,0.001357107390693792,-0.0007987202313013694,-0.0010563686871428895,5.248683971470489e-05,-5.024305731371847e-05,-2.8852338873939476e-05,4.7433317447509866e-05,0.00019282401514972956,-0.0,0.0,0.0,0.0,0.0,0.0,0.0,0.0,0.0,0.0,0.0,0.0,0.0,0.0,0.0,0.0,0.0,0.0,0.0,0.0,0.0,0.0,0.0,0.0,0.0,0.0,0.0,0.0,0.0,0.0,0.0,0.0,0.0,0.0,0.0,0.0,0.0,0.0,0.0,0.0,0.0,0.0,0.0,0.0,0.0,0.0,0.0,0.0,0.0,0.0,0.0,0.0
556C,143726,0.3837193521258215,-0.2855625364340805,-0.022396913215485356,0.07750982975430518,-0.041634599327012245,0.06424405014242703,0.04254771133450389,0.04609530705996075,0.01633957066802642,-0.00392071801808033,-0.0020164002238358195,0.004502778057582899,-0.006356558193566638,-0.019035183762589017,-0.008412873495598699,-0.014220062256522345,-0.00021094621934760597,0.00588520530359691,0.00905258164875559,0.0005141673871124016,-0.002932432206641128,0.004015930180209845,0.00813760978839536,9.991703602377936e-05,-0.0003232776479904094,0.003000589830627736,-0.00012491392904339618,0.0018168827964721939,0.0003246369492950659,0.0001228825280801415,-0.0013422900098774557,4.507255484804515e-06,1.8618656223118238e-05,0.0003552257529480478,0.00029270724007799743,0.00022623534393064487,0.00012262357234864497,-0.0,0.0,0.0,0.0,0.0,0.0,0.0,0.0,0.0,0.0,0.0,0.0,0.0,0.0,0.0,0.0,0.0,0.0,0.0,0.0,0.0,0.0,0.0,0.0,0.0,0.0,0.0,0.0,0.0,0.0,0.0,0.0,0.0,0.0,0.0,0.0,0.0,0.0,0.0,0.0,0.0,0.0,0.0,0.0,0.0,0.0,0.0,0.0,0.0,0.0,0.0,0.0
609A,143736,0.033016883614328175,-0.0835386116012808,0.21147738420962497,0.052821410708285034,0.04544546078373157,0.04144485723000764,0.02158745488389965,0.003214360253669725,-0.01335131997537033,-0.007365583672225453,0.037286108906515326,0.00452153438959899,0.00855076119642865,0.01944148390564119,0.006333420853540389,0.017080754262406614,-0.02585756791959277,-0.005961617133232779,-0.0074855717438845,0.0068312482677066345,-0.007637910501631739,0.008488937616463183,0.0013478864087877183,0.004814628241734549,-0.0007902943842678744,-0.002183759549344751,-0.0044701302678377755,0.001065465394992964,-0.0009987865779241029,0.00025656275098041013,-0.0006729712733939342,-0.0008200727184953583,-0.0005294596059957562,-0.0003327273488964538,-0.00010163796911408464,-0.0002427368806042671,2.3807272766799373e-05,-0.0,0.0,0.0,0.0,0.0,0.0,0.0,0.0,0.0,0.0,0.0,0.0,0.0,0.0,0.0,0.0,0.0,0.0,0.0,0.0,0.0,0.0,0.0,0.0,0.0,0.0,0.0,0.0,0.0,0.0,0.0,0.0,0.0,0.0,0.0,0.0,0.0,0.0,0.0,0.0,0.0,0.0,0.0,0.0,0.0,0.0,0.0,0.0,0.0,0.0,0.0,0.0
609C,143738,-0.06872945916437023,-0.119148214329832,-0.00794620280865459,-0.07166911800871512,-0.03414882177398995,0.013288866791146194,0.030645995815100815,0.020076423797765634,-0.006505438618122037,0.004958070053468437,0.0007706260867803952,-0.0011695030863801074,-0.005714120337261972,-0.017416827275958287,0.00024857357434341764,-0.0020828424349276266,0.0002475962157280112,0.014533791395307642,0.002519043688652054,-0.007062036039992512,0.006579006274184949,0.012123749320288747,0.0010607476633903554,0.006884577922325678,-0.010916482826967049,0.0034869064421779133,0.0031627113511360698,0.002748070059536349,0.00831856535092286,-0.0001978877835097298,-0.0011077704804418277,-0.0008727852284774944,0.0005944533574019561,6.578860608715784e-05,0.0004503657379607165,-0.00017275248928145734,-0.0003397598978250907,-0.0,0.0,0.0,0.0,0.0,0.0,0.0,0.0,0.0,0.0,0.0,0.0,0.0,0.0,0.0,0.0,0.0,0.0,0.0,0.0,0.0,0.0,0.0,0.0,0.0,0.0,0.0,0.0,0.0,0.0,0.0,0.0,0.0,0.0,0.0,0.0,0.0,0.0,0.0,0.0,0.0,0.0,0.0,0.0,0.0,0.0,0.0,0.0,0.0,0.0,0.0,0.0
620C,143744,-0.05108215914116014,-0.18661474041579132,-0.09316129107715396,0.04099586087539502,-0.012836529646514504,-0.05613160561957569,0.028207618999011905,0.0036548957288926385,-0.0208001437552476,0.01754786099054369,0.014807663167857464,0.0074553180365002965,-0.008717046113211736,-0.0031950614688773062,-0.00045765674705919464,0.0030392347150314195,-0.02283400230297739,-0.0071605588384787,-0.005901748850704123,-0.001342923273780162,-0.0009631812972642039,-0.0012656812609650823,0.00025707506324674183,-0.0014683957648737127,0.0028477500395517642,0.011301027461522672,-0.000807249842323689,-0.0013911957424122634,0.008509907367105997,0.0007158804846292097,0.0036058465271402926,-0.007371232794360577,-0.0022321813962883504,0.0018158174763416622,-0.0023218374770963093,-0.0003061250921513525,-0.00042592051373526466,-0.0,0.0,0.0,0.0,0.0,0.0,0.0,0.0,0.0,0.0,0.0,0.0,0.0,0.0,0.0,0.0,0.0,0.0,0.0,0.0,0.0,0.0,0.0,0.0,0.0,0.0,0.0,0.0,0.0,0.0,0.0,0.0,0.0,0.0,0.0,0.0,0.0,0.0,0.0,0.0,0.0,0.0,0.0,0.0,0.0,0.0,0.0,0.0,0.0,0.0,0.0,0.0
670A,143751,0.014203264831704544,-0.06751969188681745,0.061863608470822985,0.0017192593165906895,0.03518030031767645,-0.005828020119578741,-0.013007358351706768,0.047210510525470976,-0.012527355861033627,-0.011939873092705175,0.024292671160967692,0.04420404066203639,-0.0011428000888921521,0.01684340929158337,-0.027165413729422997,0.004628703399180449,0.013880210013286395,0.0011708677524345827,0.003262095895870313,0.018316120290061418,0.004497580997577097,-0.012065340094457082,-0.00750346981690318,-0.012601775256872037,0.0013822791589739878,0.001230977106449436,0.008518598063450861,-0.0003837877795522023,0.0009964581237787767,-0.0020815402462448897,0.0007048202568159813,0.0003315115676710179,-0.0008095642190891173,-0.001261477254156235,-0.0002172736002750713,-0.00034493152567634705,-0.00032368387383744875,-0.0,0.0,0.0,0.0,0.0,0.0,0.0,0.0,0.0,0.0,0.0,0.0,0.0,0.0,0.0,0.0,0.0,0.0,0.0,0.0,0.0,0.0,0.0,0.0,0.0,0.0,0.0,0.0,0.0,0.0,0.0,0.0,0.0,0.0,0.0,0.0,0.0,0.0,0.0,0.0,0.0,0.0,0.0,0.0,0.0,0.0,0.0,0.0,0.0,0.0,0.0,0.0
670B,143752,0.16314237722367697,-0.05430188815433044,0.09743942402098758,0.03739968643784168,0.04400226860224716,-0.008575666294674726,-0.09083974159738888,-0.0021711278081186854,-0.023357135671172282,0.06159271960442385,-0.005238410977825088,-0.002785264473661196,0.021638288333287858,-0.023124420840110262,-0.008054791818819528,-0.042391657864840636,0.021290002629982704,-0.0020531693709227414,-0.016269414419376665,-0.005932832675156741,0.0011736794467267502,0.0004727521321979763,-0.00401876115739275,-0.0017603173410394631,-0.0021691559031205574,-0.0024162796061601584,-0.001783871506697319,-0.0007880173212270796,0.0003412977169676308,-0.0008784646284459402,0.0003614936233055016,0.0009895725435851268,7.304908885454483e-05,0.00043414098013046763,0.0001194490681330821,5.033527271104679e-05,6.172288929257678e-05,-0.0,0.0,0.0,0.0,0.0,0.0,0.0,0.0,0.0,0.0,0.0,0.0,0.0,0.0,0.0,0.0,0.0,0.0,0.0,0.0,0.0,0.0,0.0,0.0,0.0,0.0,0.0,0.0,0.0,0.0,0.0,0.0,0.0,0.0,0.0,0.0,0.0,0.0,0.0,0.0,0.0,0.0,0.0,0.0,0.0,0.0,0.0,0.0,0.0,0.0,0.0,0.0
677A,143754,-0.06750372576651288,-0.022939506371178548,0.01970757290987642,-0.00184743379799838,-0.06853179400805884,-0.010130960933095092,-0.04776180941248266,-0.02192772308866663,0.02718193067694022,0.0008039854095242847,0.0008729665205001161,-0.00029933226639790116,0.005495387013669902,0.00029034374378459493,-0.00646026544317872,0.004299658323720747,-0.011287492584387271,-0.0051087968106447125,-0.006793838063330077,0.015032284167367889,0.010352906722680274,0.008288724524864276,-0.010452072368461898,0.0020207227781937585,-0.003183874478621992,-0.005612818647843041,-0.0008039157074191233,0.0007778052483406832,0.000873258324449362,0.0031134808964735313,-0.003903764072591195,-0.0016021361021909695,0.0018003769017270147,-0.00020581142718639804,0.0008382329406978318,0.0004086173069696002,-0.0005806147693611671,-0.0,0.0,0.0,0.0,0.0,0.0,0.0,0.0,0.0,0.0,0.0,0.0,0.0,0.0,0.0,0.0,0.0,0.0,0.0,0.0,0.0,0.0,0.0,0.0,0.0,0.0,0.0,0.0,0.0,0.0,0.0,0.0,0.0,0.0,0.0,0.0,0.0,0.0,0.0,0.0,0.0,0.0,0.0,0.0,0.0,0.0,0.0,0.0,0.0,0.0,0.0,0.0
677C,143756,-0.08315304084708433,-0.07673961924867717,0.00890056040967466,-0.00815517783141483,0.04312890658753598,0.00297986927483911,-0.021360561407070235,0.01013545771923491,-0.0033740321632814317,-0.008985786828582743,-0.011155926972307465,0.011967408684882866,-0.011787760432764673,-0.012737013202731065,0.007618840583395513,0.005279576280871834,-0.023255694450582766,0.01175705303069601,0.009828244585135067,-0.003832000346332098,-0.009946888293550256,-0.0025599171373938694,0.011791528333731297,-0.004468919125814652,0.004036165502113471,-0.004820843118570705,0.004294784921364142,-0.003572373141198764,0.0002788289988182994,0.00422014989189408,-0.0030923117036561563,0.0018408712103159211,0.003128946358498546,-0.002064082866152423,-0.001097408793595333,4.652292797643678e-05,-0.0003832633347667773,-0.0,0.0,0.0,0.0,0.0,0.0,0.0,0.0,0.0,0.0,0.0,0.0,0.0,0.0,0.0,0.0,0.0,0.0,0.0,0.0,0.0,0.0,0.0,0.0,0.0,0.0,0.0,0.0,0.0,0.0,0.0,0.0,0.0,0.0,0.0,0.0,0.0,0.0,0.0,0.0,0.0,0.0,0.0,0.0,0.0,0.0,0.0,0.0,0.0,0.0,0.0,0.0
745C,143767,-0.05399579648628398,-0.18596423066543222,-0.1353212351137563,-0.03656575285923373,-0.02457008983268422,0.019407535185416477,0.015327275300286046,0.006498846706607165,0.03501074304736875,-0.010241192378110343,-0.013946808832890057,0.02272668234450597,0.02439786949584697,0.0322351070857068,0.038992311928684284,0.002453887604021582,0.014379960591830334,-0.010892724837416974,-0.0035861779287161616,-4.221283689642485e-05,0.007038721414347585,-0.004975994067118659,-0.0009217733530570226,0.002839620239985784,0.0015635454372418974,-0.00978054774357463,-0.0009852174581512338,-0.0020147056330764453,-0.007056702454645003,0.001405444441300854,0.002114793512381405,0.0006777065078984514,-0.0004883443314359932,-0.0016032494274513059,-0.00039680445977523633,-0.0004297369425666839,-0.0001305515211218776,-0.0,0.0,0.0,0.0,0.0,0.0,0.0,0.0,0.0,0.0,0.0,0.0,0.0,0.0,0.0,0.0,0.0,0.0,0.0,0.0,0.0,0.0,0.0,0.0,0.0,0.0,0.0,0.0,0.0,0.0,0.0,0.0,0.0,0.0,0.0,0.0,0.0,0.0,0.0,0.0,0.0,0.0,0.0,0.0,0.0,0.0,0.0,0.0,0.0,0.0,0.0,0.0
748C,143770,0.07549773080238467,0.06908637225274852,0.03013237526075111,0.027913683619967343,-0.03794003151107977,0.03160352871699718,0.0249177075379409,0.024314365321913542,0.004142918498716924,-0.002529817456147756,0.04299114024879626,-0.004521627793128164,0.02439392054474155,-0.03800980033803867,-0.015010395548378443,0.026002597784001012,0.014497619345837987,0.024662157304837846,-0.002212289313492018,0.016540994028297056,0.02393146955153709,-0.02155648910742234,0.015650547451864342,0.006238414624395719,0.003379364804505448,-0.0003977130672179557,-0.002624566734094266,-0.0014143423098792727,-0.0026880544642434484,-0.002544526324257678,0.0007544067355175067,0.0015407385172219513,0.0003221680149254356,-0.001033439881692207,0.00017674067729622043,-7.124212255930852e-05,-0.00024105340528214823,-0.0,0.0,0.0,0.0,0.0,0.0,0.0,0.0,0.0,0.0,0.0,0.0,0.0,0.0,0.0,0.0,0.0,0.0,0.0,0.0,0.0,0.0,0.0,0.0,0.0,0.0,0.0,0.0,0.0,0.0,0.0,0.0,0.0,0.0,0.0,0.0,0.0,0.0,0.0,0.0,0.0,0.0,0.0,0.0,0.0,0.0,0.0,0.0,0.0,0.0,0.0,0.0
proportion_explained,0,0.5450487457548088,0.1623847986025131,0.06421368617782763,0.041833590011550785,0.0328954968851501,0.026590597457813073,0.024277704831752477,0.02032969616220274,0.013099336512101701,0.010894173611318322,0.008357455345099987,0.007068028452693052,0.005861552341532626,0.005261894092958608,0.004797007572465291,0.004685494415360416,0.003995825549288345,0.003276520365952062,0.00322065158630452,0.002337507526072006,0.0018395833757473752,0.0016420247531608687,0.001408753868634065,0.0010895539915905363,0.0008619345669925599,0.0006689856272975473,0.0004963012187863623,0.00040193753139252655,0.0002929401497812524,0.0002625568383360061,0.0002075758953249755,0.00013416506630105208,8.683315090284892e-05,7.758390904208598e-05,5.775318117152827e-05,2.6196128064839764e-05,1.555749270804471e-05,0.0,0.0,0.0,0.0,0.0,0.0,0.0,0.0,0.0,0.0,0.0,0.0,0.0,0.0,0.0,0.0,0.0,0.0,0.0,0.0,0.0,0.0,0.0,0.0,0.0,0.0,0.0,0.0,0.0,0.0,0.0,0.0,0.0,0.0,0.0,0.0,0.0,0.0,0.0,0.0,0.0,0.0,0.0,0.0,0.0,0.0,0.0,0.0,0.0,0.0,0.0,0.0
